example_id,head_label,layer_idx,head_idx,logitbaseline_wait_token,logitablated_wait_token,delta_ablated_minus_baseline
gsm8k_0,L0H3,0,3,24.015625,19.171875,-4.84375
gsm8k_1,L0H3,0,3,17.78125,16.625,-1.15625
gsm8k_2,L0H3,0,3,19.171875,11.421875,-7.75
gsm8k_3,L0H3,0,3,18.15625,19.171875,1.015625
gsm8k_4,L0H3,0,3,23.171875,21.984375,-1.1875
gsm8k_5,L0H3,0,3,23.625,18.34375,-5.28125
gsm8k_6,L0H3,0,3,22.484375,20.375,-2.109375
gsm8k_7,L0H3,0,3,24.90625,22.8125,-2.09375
gsm8k_8,L0H3,0,3,25.421875,16.84375,-8.578125
gsm8k_9,L0H3,0,3,23.546875,20.609375,-2.9375
gsm8k_10,L0H3,0,3,22.515625,23.921875,1.40625
gsm8k_11,L0H3,0,3,11.4453125,14.1171875,2.671875
gsm8k_12,L0H3,0,3,22.8125,18.203125,-4.609375
gsm8k_13,L0H3,0,3,23.046875,17.046875,-6.0
gsm8k_14,L0H3,0,3,22.328125,18.4375,-3.890625
gsm8k_15,L0H3,0,3,23.0,20.984375,-2.015625
gsm8k_16,L0H3,0,3,23.21875,23.71875,0.5
gsm8k_17,L0H3,0,3,20.53125,15.2421875,-5.2890625
gsm8k_18,L0H3,0,3,21.125,19.34375,-1.78125
gsm8k_19,L0H3,0,3,23.578125,20.234375,-3.34375
gsm8k_20,L0H3,0,3,24.15625,19.375,-4.78125
gsm8k_21,L0H3,0,3,22.921875,20.796875,-2.125
gsm8k_22,L0H3,0,3,20.203125,22.390625,2.1875
gsm8k_23,L0H3,0,3,19.34375,12.765625,-6.578125
gsm8k_24,L0H3,0,3,22.59375,21.625,-0.96875
gsm8k_25,L0H3,0,3,24.328125,13.7890625,-10.5390625
gsm8k_26,L0H3,0,3,17.1875,18.625,1.4375
gsm8k_27,L0H3,0,3,21.703125,21.296875,-0.40625
gsm8k_28,L0H3,0,3,10.078125,14.4921875,4.4140625
gsm8k_29,L0H3,0,3,25.140625,19.5,-5.640625
gsm8k_30,L0H3,0,3,22.015625,21.296875,-0.71875
gsm8k_31,L0H3,0,3,9.5234375,15.4921875,5.96875
gsm8k_32,L0H3,0,3,19.59375,25.578125,5.984375
gsm8k_33,L0H3,0,3,7.91015625,16.53125,8.62109375
gsm8k_34,L0H3,0,3,22.6875,24.078125,1.390625
gsm8k_35,L0H3,0,3,22.890625,19.703125,-3.1875
gsm8k_36,L0H3,0,3,7.8671875,15.8125,7.9453125
gsm8k_37,L0H3,0,3,26.09375,20.296875,-5.796875
gsm8k_38,L0H3,0,3,22.59375,22.0,-0.59375
gsm8k_39,L0H3,0,3,24.234375,21.8125,-2.421875
gsm8k_40,L0H3,0,3,24.515625,18.078125,-6.4375
gsm8k_41,L0H3,0,3,27.421875,17.96875,-9.453125
gsm8k_42,L0H3,0,3,23.421875,22.421875,-1.0
gsm8k_43,L0H3,0,3,24.6875,15.7734375,-8.9140625
gsm8k_44,L0H3,0,3,20.984375,18.796875,-2.1875
gsm8k_45,L0H3,0,3,24.71875,11.640625,-13.078125
gsm8k_46,L0H3,0,3,23.421875,22.140625,-1.28125
gsm8k_47,L0H3,0,3,23.109375,18.046875,-5.0625
gsm8k_48,L0H3,0,3,20.328125,18.609375,-1.71875
gsm8k_49,L0H3,0,3,23.609375,22.65625,-0.953125
gsm8k_50,L0H3,0,3,9.6328125,19.359375,9.7265625
gsm8k_51,L0H3,0,3,25.015625,20.015625,-5.0
gsm8k_52,L0H3,0,3,23.171875,20.21875,-2.953125
gsm8k_53,L0H3,0,3,21.703125,18.25,-3.453125
gsm8k_54,L0H3,0,3,25.140625,17.640625,-7.5
gsm8k_55,L0H3,0,3,13.9375,21.03125,7.09375
gsm8k_56,L0H3,0,3,19.375,20.046875,0.671875
gsm8k_57,L0H3,0,3,23.109375,25.890625,2.78125
gsm8k_58,L0H3,0,3,12.3671875,20.1875,7.8203125
gsm8k_59,L0H3,0,3,17.75,18.59375,0.84375
gsm8k_60,L0H3,0,3,22.0625,21.515625,-0.546875
gsm8k_61,L0H3,0,3,9.109375,15.4921875,6.3828125
gsm8k_62,L0H3,0,3,23.328125,6.609375,-16.71875
gsm8k_63,L0H3,0,3,23.5625,19.71875,-3.84375
gsm8k_64,L0H3,0,3,20.8125,19.90625,-0.90625
gsm8k_65,L0H3,0,3,21.984375,20.40625,-1.578125
gsm8k_66,L0H3,0,3,23.34375,18.671875,-4.671875
gsm8k_67,L0H3,0,3,20.734375,20.171875,-0.5625
gsm8k_68,L0H3,0,3,23.015625,24.3125,1.296875
gsm8k_69,L0H3,0,3,12.0546875,20.859375,8.8046875
gsm8k_70,L0H3,0,3,9.171875,20.75,11.578125
gsm8k_71,L0H3,0,3,21.203125,16.78125,-4.421875
gsm8k_72,L0H3,0,3,19.171875,22.5625,3.390625
gsm8k_73,L0H3,0,3,24.421875,20.0625,-4.359375
gsm8k_74,L0H3,0,3,23.5,17.515625,-5.984375
gsm8k_75,L0H3,0,3,9.0078125,7.8125,-1.1953125
gsm8k_76,L0H3,0,3,24.796875,20.109375,-4.6875
gsm8k_77,L0H3,0,3,22.296875,28.59375,6.296875
gsm8k_78,L0H3,0,3,25.125,17.5,-7.625
gsm8k_79,L0H3,0,3,19.421875,20.078125,0.65625
gsm8k_80,L0H3,0,3,18.6875,18.453125,-0.234375
gsm8k_81,L0H3,0,3,9.4453125,14.9765625,5.53125
gsm8k_82,L0H3,0,3,19.5625,20.609375,1.046875
gsm8k_83,L0H3,0,3,21.28125,22.09375,0.8125
gsm8k_84,L0H3,0,3,18.3125,15.0,-3.3125
gsm8k_85,L0H3,0,3,24.4375,14.4765625,-9.9609375
gsm8k_86,L0H3,0,3,23.171875,15.6953125,-7.4765625
gsm8k_87,L0H3,0,3,23.125,13.125,-10.0
gsm8k_88,L0H3,0,3,21.421875,12.0078125,-9.4140625
gsm8k_89,L0H3,0,3,25.1875,21.453125,-3.734375
gsm8k_90,L0H3,0,3,20.765625,18.4375,-2.328125
gsm8k_91,L0H3,0,3,22.96875,21.15625,-1.8125
gsm8k_92,L0H3,0,3,24.140625,21.53125,-2.609375
gsm8k_93,L0H3,0,3,25.234375,22.15625,-3.078125
gsm8k_94,L0H3,0,3,23.1875,17.546875,-5.640625
gsm8k_95,L0H3,0,3,23.171875,21.859375,-1.3125
gsm8k_96,L0H3,0,3,20.78125,16.6875,-4.09375
gsm8k_97,L0H3,0,3,23.515625,21.5625,-1.953125
gsm8k_98,L0H3,0,3,23.421875,19.890625,-3.53125
gsm8k_99,L0H3,0,3,22.015625,19.078125,-2.9375
gsm8k_100,L0H3,0,3,23.5625,21.609375,-1.953125
gsm8k_101,L0H3,0,3,21.078125,17.453125,-3.625
gsm8k_102,L0H3,0,3,25.375,17.015625,-8.359375
gsm8k_103,L0H3,0,3,23.078125,21.203125,-1.875
gsm8k_104,L0H3,0,3,23.796875,21.421875,-2.375
gsm8k_105,L0H3,0,3,23.5,22.46875,-1.03125
gsm8k_106,L0H3,0,3,23.3125,20.890625,-2.421875
gsm8k_107,L0H3,0,3,9.5703125,18.78125,9.2109375
gsm8k_108,L0H3,0,3,22.859375,22.578125,-0.28125
gsm8k_109,L0H3,0,3,16.296875,20.734375,4.4375
gsm8k_110,L0H3,0,3,12.3359375,12.9296875,0.59375
gsm8k_111,L0H3,0,3,23.765625,22.9375,-0.828125
gsm8k_112,L0H3,0,3,23.75,18.875,-4.875
gsm8k_113,L0H3,0,3,23.40625,23.796875,0.390625
gsm8k_114,L0H3,0,3,22.390625,17.53125,-4.859375
gsm8k_115,L0H3,0,3,24.484375,20.125,-4.359375
gsm8k_116,L0H3,0,3,23.09375,22.046875,-1.046875
gsm8k_117,L0H3,0,3,17.625,19.046875,1.421875
gsm8k_118,L0H3,0,3,7.8671875,18.046875,10.1796875
gsm8k_119,L0H3,0,3,22.953125,11.6640625,-11.2890625
gsm8k_120,L0H3,0,3,23.546875,18.21875,-5.328125
gsm8k_121,L0H3,0,3,10.953125,21.625,10.671875
gsm8k_122,L0H3,0,3,24.5,21.53125,-2.96875
gsm8k_123,L0H3,0,3,21.125,22.3125,1.1875
gsm8k_124,L0H3,0,3,22.4375,23.625,1.1875
gsm8k_125,L0H3,0,3,19.34375,11.2265625,-8.1171875
gsm8k_126,L0H3,0,3,21.484375,23.640625,2.15625
gsm8k_127,L0H3,0,3,18.59375,23.25,4.65625
gsm8k_128,L0H3,0,3,21.875,20.5625,-1.3125
gsm8k_129,L0H3,0,3,21.140625,22.125,0.984375
gsm8k_130,L0H3,0,3,18.390625,15.90625,-2.484375
gsm8k_131,L0H3,0,3,17.03125,18.09375,1.0625
gsm8k_132,L0H3,0,3,22.59375,20.921875,-1.671875
gsm8k_133,L0H3,0,3,22.453125,22.046875,-0.40625
gsm8k_134,L0H3,0,3,15.1171875,25.359375,10.2421875
gsm8k_135,L0H3,0,3,23.015625,22.203125,-0.8125
gsm8k_136,L0H3,0,3,21.90625,16.65625,-5.25
gsm8k_137,L0H3,0,3,16.625,20.5625,3.9375
gsm8k_138,L0H3,0,3,24.375,23.953125,-0.421875
gsm8k_139,L0H3,0,3,22.6875,22.859375,0.171875
gsm8k_140,L0H3,0,3,22.21875,18.828125,-3.390625
gsm8k_141,L0H3,0,3,17.703125,14.2265625,-3.4765625
gsm8k_142,L0H3,0,3,8.71875,23.90625,15.1875
gsm8k_143,L0H3,0,3,26.609375,18.953125,-7.65625
gsm8k_144,L0H3,0,3,9.296875,20.9375,11.640625
gsm8k_145,L0H3,0,3,19.734375,25.3125,5.578125
gsm8k_146,L0H3,0,3,23.03125,17.5625,-5.46875
gsm8k_147,L0H3,0,3,24.5,20.71875,-3.78125
gsm8k_148,L0H3,0,3,24.96875,19.515625,-5.453125
gsm8k_149,L0H3,0,3,24.421875,22.34375,-2.078125
gsm8k_150,L0H3,0,3,22.375,17.640625,-4.734375
gsm8k_151,L0H3,0,3,18.546875,23.515625,4.96875
gsm8k_152,L0H3,0,3,15.9375,22.03125,6.09375
gsm8k_153,L0H3,0,3,23.703125,18.84375,-4.859375
gsm8k_154,L0H3,0,3,23.625,18.296875,-5.328125
gsm8k_155,L0H3,0,3,23.78125,21.21875,-2.5625
gsm8k_156,L0H3,0,3,20.953125,22.765625,1.8125
gsm8k_157,L0H3,0,3,22.28125,17.828125,-4.453125
gsm8k_158,L0H3,0,3,19.8125,20.03125,0.21875
gsm8k_159,L0H3,0,3,23.625,15.0625,-8.5625
gsm8k_160,L0H3,0,3,24.515625,23.640625,-0.875
gsm8k_161,L0H3,0,3,22.15625,22.390625,0.234375
gsm8k_162,L0H3,0,3,23.796875,18.078125,-5.71875
gsm8k_163,L0H3,0,3,23.65625,18.375,-5.28125
gsm8k_164,L0H3,0,3,24.1875,19.203125,-4.984375
gsm8k_165,L0H3,0,3,21.34375,18.5,-2.84375
gsm8k_166,L0H3,0,3,8.3671875,18.28125,9.9140625
gsm8k_167,L0H3,0,3,23.390625,13.8984375,-9.4921875
gsm8k_168,L0H3,0,3,19.328125,21.453125,2.125
gsm8k_169,L0H3,0,3,21.0625,22.96875,1.90625
gsm8k_170,L0H3,0,3,19.9375,24.0,4.0625
gsm8k_171,L0H3,0,3,22.109375,18.828125,-3.28125
gsm8k_172,L0H3,0,3,22.921875,18.484375,-4.4375
gsm8k_173,L0H3,0,3,24.046875,12.8125,-11.234375
gsm8k_174,L0H3,0,3,26.296875,21.5625,-4.734375
gsm8k_175,L0H3,0,3,23.515625,17.328125,-6.1875
gsm8k_176,L0H3,0,3,22.5625,16.1875,-6.375
gsm8k_177,L0H3,0,3,22.390625,10.7421875,-11.6484375
gsm8k_178,L0H3,0,3,20.453125,19.5,-0.953125
gsm8k_179,L0H3,0,3,17.28125,22.515625,5.234375
gsm8k_180,L0H3,0,3,23.1875,22.78125,-0.40625
gsm8k_181,L0H3,0,3,21.140625,16.6875,-4.453125
gsm8k_182,L0H3,0,3,22.984375,21.734375,-1.25
gsm8k_183,L0H3,0,3,23.0,24.875,1.875
gsm8k_184,L0H3,0,3,22.96875,15.25,-7.71875
gsm8k_185,L0H3,0,3,21.234375,18.90625,-2.328125
gsm8k_186,L0H3,0,3,22.578125,19.515625,-3.0625
gsm8k_187,L0H3,0,3,24.0625,14.3828125,-9.6796875
gsm8k_188,L0H3,0,3,24.390625,21.171875,-3.21875
gsm8k_189,L0H3,0,3,22.703125,19.71875,-2.984375
gsm8k_190,L0H3,0,3,19.03125,21.640625,2.609375
gsm8k_191,L0H3,0,3,24.921875,19.640625,-5.28125
gsm8k_192,L0H3,0,3,23.171875,19.40625,-3.765625
gsm8k_193,L0H3,0,3,23.765625,20.046875,-3.71875
gsm8k_194,L0H3,0,3,21.84375,21.859375,0.015625
gsm8k_195,L0H3,0,3,13.5234375,12.5703125,-0.953125
gsm8k_196,L0H3,0,3,20.421875,21.453125,1.03125
gsm8k_197,L0H3,0,3,23.125,18.28125,-4.84375
gsm8k_198,L0H3,0,3,23.40625,26.375,2.96875
gsm8k_199,L0H3,0,3,23.703125,25.5625,1.859375
gsm8k_200,L0H3,0,3,8.6171875,16.953125,8.3359375
gsm8k_201,L0H3,0,3,20.71875,2.791015625,-17.927734375
gsm8k_202,L0H3,0,3,18.375,25.828125,7.453125
gsm8k_203,L0H3,0,3,22.765625,19.25,-3.515625
gsm8k_204,L0H3,0,3,24.171875,23.171875,-1.0
gsm8k_205,L0H3,0,3,23.875,19.90625,-3.96875
gsm8k_206,L0H3,0,3,8.484375,20.859375,12.375
gsm8k_207,L0H3,0,3,23.65625,21.78125,-1.875
gsm8k_208,L0H3,0,3,19.515625,19.609375,0.09375
gsm8k_209,L0H3,0,3,23.21875,17.40625,-5.8125
gsm8k_210,L0H3,0,3,23.296875,21.015625,-2.28125
gsm8k_211,L0H3,0,3,23.796875,20.84375,-2.953125
gsm8k_212,L0H3,0,3,23.65625,20.09375,-3.5625
gsm8k_213,L0H3,0,3,22.171875,20.984375,-1.1875
gsm8k_214,L0H3,0,3,24.546875,17.140625,-7.40625
gsm8k_215,L0H3,0,3,22.125,17.1875,-4.9375
gsm8k_216,L0H3,0,3,23.25,18.828125,-4.421875
gsm8k_217,L0H3,0,3,11.828125,19.734375,7.90625
gsm8k_218,L0H3,0,3,22.703125,19.046875,-3.65625
gsm8k_219,L0H3,0,3,22.859375,19.984375,-2.875
gsm8k_220,L0H3,0,3,21.453125,20.515625,-0.9375
gsm8k_221,L0H3,0,3,10.5546875,12.8671875,2.3125
gsm8k_222,L0H3,0,3,19.8125,23.765625,3.953125
gsm8k_223,L0H3,0,3,21.140625,10.1875,-10.953125
gsm8k_224,L0H3,0,3,9.1484375,17.109375,7.9609375
gsm8k_225,L0H3,0,3,23.59375,19.890625,-3.703125
gsm8k_226,L0H3,0,3,23.0,23.359375,0.359375
gsm8k_227,L0H3,0,3,13.1796875,22.375,9.1953125
gsm8k_228,L0H3,0,3,23.640625,18.140625,-5.5
gsm8k_229,L0H3,0,3,22.875,21.046875,-1.828125
gsm8k_230,L0H3,0,3,19.640625,14.71875,-4.921875
gsm8k_231,L0H3,0,3,8.0234375,14.140625,6.1171875
gsm8k_232,L0H3,0,3,20.921875,17.921875,-3.0
gsm8k_233,L0H3,0,3,8.8046875,18.671875,9.8671875
gsm8k_234,L0H3,0,3,23.828125,13.984375,-9.84375
gsm8k_235,L0H3,0,3,20.109375,21.40625,1.296875
gsm8k_236,L0H3,0,3,22.53125,19.125,-3.40625
gsm8k_237,L0H3,0,3,7.375,12.90625,5.53125
gsm8k_238,L0H3,0,3,21.1875,21.125,-0.0625
gsm8k_239,L0H3,0,3,23.125,15.6171875,-7.5078125
gsm8k_240,L0H3,0,3,23.34375,22.8125,-0.53125
gsm8k_241,L0H3,0,3,17.46875,12.4140625,-5.0546875
gsm8k_242,L0H3,0,3,25.65625,20.875,-4.78125
gsm8k_243,L0H3,0,3,18.265625,23.125,4.859375
gsm8k_244,L0H3,0,3,22.3125,16.90625,-5.40625
gsm8k_245,L0H3,0,3,23.203125,18.078125,-5.125
gsm8k_246,L0H3,0,3,22.3125,22.765625,0.453125
gsm8k_247,L0H3,0,3,22.71875,21.296875,-1.421875
gsm8k_248,L0H3,0,3,18.3125,19.5,1.1875
gsm8k_249,L0H3,0,3,23.421875,23.34375,-0.078125
gsm8k_250,L0H3,0,3,22.546875,20.625,-1.921875
gsm8k_251,L0H3,0,3,19.546875,19.984375,0.4375
gsm8k_252,L0H3,0,3,22.546875,21.390625,-1.15625
gsm8k_253,L0H3,0,3,17.890625,19.8125,1.921875
gsm8k_254,L0H3,0,3,24.15625,21.828125,-2.328125
gsm8k_255,L0H3,0,3,23.796875,21.078125,-2.71875
gsm8k_256,L0H3,0,3,21.265625,18.453125,-2.8125
gsm8k_257,L0H3,0,3,23.234375,21.578125,-1.65625
gsm8k_258,L0H3,0,3,24.375,24.71875,0.34375
gsm8k_259,L0H3,0,3,22.78125,19.34375,-3.4375
gsm8k_260,L0H3,0,3,19.984375,14.0234375,-5.9609375
gsm8k_261,L0H3,0,3,19.578125,21.453125,1.875
gsm8k_262,L0H3,0,3,19.3125,24.578125,5.265625
gsm8k_263,L0H3,0,3,22.546875,22.171875,-0.375
gsm8k_264,L0H3,0,3,9.7734375,17.859375,8.0859375
gsm8k_265,L0H3,0,3,18.375,10.2109375,-8.1640625
gsm8k_266,L0H3,0,3,18.5,14.203125,-4.296875
gsm8k_267,L0H3,0,3,24.5625,23.5625,-1.0
gsm8k_268,L0H3,0,3,24.78125,21.96875,-2.8125
gsm8k_269,L0H3,0,3,10.6953125,14.65625,3.9609375
gsm8k_270,L0H3,0,3,23.25,18.671875,-4.578125
gsm8k_271,L0H3,0,3,10.9453125,24.0625,13.1171875
gsm8k_272,L0H3,0,3,8.53125,19.4375,10.90625
gsm8k_273,L0H3,0,3,18.71875,18.84375,0.125
gsm8k_274,L0H3,0,3,19.296875,23.46875,4.171875
gsm8k_275,L0H3,0,3,8.8671875,16.765625,7.8984375
gsm8k_276,L0H3,0,3,23.078125,15.0546875,-8.0234375
gsm8k_277,L0H3,0,3,7.99609375,13.6015625,5.60546875
gsm8k_278,L0H3,0,3,8.9375,19.0625,10.125
gsm8k_279,L0H3,0,3,24.46875,22.40625,-2.0625
gsm8k_280,L0H3,0,3,14.359375,24.53125,10.171875
gsm8k_281,L0H3,0,3,22.09375,20.5625,-1.53125
gsm8k_282,L0H3,0,3,23.578125,20.34375,-3.234375
gsm8k_283,L0H3,0,3,22.75,16.140625,-6.609375
gsm8k_284,L0H3,0,3,22.515625,19.953125,-2.5625
gsm8k_285,L0H3,0,3,7.2890625,16.390625,9.1015625
gsm8k_286,L0H3,0,3,21.59375,15.359375,-6.234375
gsm8k_287,L0H3,0,3,23.109375,18.84375,-4.265625
gsm8k_288,L0H3,0,3,22.375,19.078125,-3.296875
gsm8k_289,L0H3,0,3,24.40625,21.078125,-3.328125
gsm8k_290,L0H3,0,3,22.734375,18.375,-4.359375
gsm8k_291,L0H3,0,3,24.671875,21.40625,-3.265625
gsm8k_292,L0H3,0,3,26.6875,17.390625,-9.296875
gsm8k_293,L0H3,0,3,22.375,22.1875,-0.1875
gsm8k_294,L0H3,0,3,22.8125,25.1875,2.375
gsm8k_295,L0H3,0,3,22.34375,22.78125,0.4375
gsm8k_296,L0H3,0,3,25.109375,22.0625,-3.046875
gsm8k_297,L0H3,0,3,23.59375,24.75,1.15625
gsm8k_298,L0H3,0,3,23.671875,16.359375,-7.3125
gsm8k_299,L0H3,0,3,22.984375,16.96875,-6.015625
gsm8k_300,L0H3,0,3,19.0,18.46875,-0.53125
gsm8k_301,L0H3,0,3,23.96875,22.078125,-1.890625
gsm8k_302,L0H3,0,3,23.578125,24.46875,0.890625
gsm8k_303,L0H3,0,3,26.359375,18.96875,-7.390625
gsm8k_304,L0H3,0,3,23.1875,17.421875,-5.765625
gsm8k_305,L0H3,0,3,20.546875,23.0,2.453125
gsm8k_306,L0H3,0,3,23.078125,22.21875,-0.859375
gsm8k_307,L0H3,0,3,23.640625,19.4375,-4.203125
gsm8k_308,L0H3,0,3,23.6875,18.453125,-5.234375
gsm8k_309,L0H3,0,3,9.5234375,13.9921875,4.46875
gsm8k_310,L0H3,0,3,23.0,20.0,-3.0
gsm8k_311,L0H3,0,3,24.53125,22.6875,-1.84375
gsm8k_312,L0H3,0,3,17.59375,22.078125,4.484375
gsm8k_313,L0H3,0,3,21.15625,15.234375,-5.921875
gsm8k_314,L0H3,0,3,22.734375,21.5625,-1.171875
gsm8k_315,L0H3,0,3,23.203125,14.5,-8.703125
gsm8k_316,L0H3,0,3,24.15625,20.671875,-3.484375
gsm8k_317,L0H3,0,3,12.1640625,17.140625,4.9765625
gsm8k_318,L0H3,0,3,22.578125,17.28125,-5.296875
gsm8k_319,L0H3,0,3,24.25,20.421875,-3.828125
gsm8k_320,L0H3,0,3,21.953125,15.953125,-6.0
gsm8k_321,L0H3,0,3,8.7578125,15.4609375,6.703125
gsm8k_322,L0H3,0,3,23.5625,17.4375,-6.125
gsm8k_323,L0H3,0,3,23.578125,19.859375,-3.71875
gsm8k_324,L0H3,0,3,23.75,12.609375,-11.140625
gsm8k_325,L0H3,0,3,20.859375,18.34375,-2.515625
gsm8k_326,L0H3,0,3,23.171875,19.765625,-3.40625
gsm8k_327,L0H3,0,3,18.484375,20.328125,1.84375
gsm8k_328,L0H3,0,3,24.359375,20.140625,-4.21875
gsm8k_329,L0H3,0,3,20.234375,22.28125,2.046875
gsm8k_330,L0H3,0,3,23.296875,21.59375,-1.703125
gsm8k_331,L0H3,0,3,21.15625,11.1015625,-10.0546875
gsm8k_332,L0H3,0,3,21.015625,20.59375,-0.421875
gsm8k_333,L0H3,0,3,19.203125,21.53125,2.328125
gsm8k_334,L0H3,0,3,24.515625,18.21875,-6.296875
gsm8k_335,L0H3,0,3,19.46875,19.546875,0.078125
gsm8k_336,L0H3,0,3,22.671875,21.640625,-1.03125
gsm8k_337,L0H3,0,3,22.984375,19.515625,-3.46875
gsm8k_338,L0H3,0,3,22.671875,19.21875,-3.453125
gsm8k_339,L0H3,0,3,22.65625,14.6796875,-7.9765625
gsm8k_340,L0H3,0,3,23.75,19.921875,-3.828125
gsm8k_341,L0H3,0,3,23.34375,21.875,-1.46875
gsm8k_342,L0H3,0,3,19.484375,18.09375,-1.390625
gsm8k_343,L0H3,0,3,21.75,20.546875,-1.203125
gsm8k_344,L0H3,0,3,22.546875,24.0625,1.515625
gsm8k_345,L0H3,0,3,10.4375,16.484375,6.046875
gsm8k_346,L0H3,0,3,20.34375,15.4140625,-4.9296875
gsm8k_347,L0H3,0,3,19.6875,17.703125,-1.984375
gsm8k_348,L0H3,0,3,22.078125,23.65625,1.578125
gsm8k_349,L0H3,0,3,8.453125,15.0390625,6.5859375
gsm8k_350,L0H3,0,3,23.34375,17.28125,-6.0625
gsm8k_351,L0H3,0,3,9.0078125,19.828125,10.8203125
gsm8k_352,L0H3,0,3,24.421875,18.296875,-6.125
gsm8k_353,L0H3,0,3,25.515625,17.53125,-7.984375
gsm8k_354,L0H3,0,3,24.953125,17.75,-7.203125
gsm8k_355,L0H3,0,3,23.0625,22.34375,-0.71875
gsm8k_356,L0H3,0,3,19.890625,26.15625,6.265625
gsm8k_357,L0H3,0,3,24.484375,15.703125,-8.78125
gsm8k_358,L0H3,0,3,21.140625,22.71875,1.578125
gsm8k_359,L0H3,0,3,23.46875,21.78125,-1.6875
gsm8k_360,L0H3,0,3,8.21875,17.4375,9.21875
gsm8k_361,L0H3,0,3,22.921875,17.8125,-5.109375
gsm8k_362,L0H3,0,3,25.15625,19.921875,-5.234375
gsm8k_363,L0H3,0,3,26.65625,16.546875,-10.109375
gsm8k_364,L0H3,0,3,21.71875,14.7109375,-7.0078125
gsm8k_365,L0H3,0,3,18.09375,19.5625,1.46875
gsm8k_366,L0H3,0,3,20.59375,17.1875,-3.40625
gsm8k_367,L0H3,0,3,22.234375,17.921875,-4.3125
gsm8k_368,L0H3,0,3,25.203125,21.671875,-3.53125
gsm8k_369,L0H3,0,3,23.5625,16.421875,-7.140625
gsm8k_370,L0H3,0,3,21.78125,20.796875,-0.984375
gsm8k_371,L0H3,0,3,21.875,10.8515625,-11.0234375
gsm8k_372,L0H3,0,3,24.0,17.640625,-6.359375
gsm8k_373,L0H3,0,3,20.828125,22.296875,1.46875
gsm8k_374,L0H3,0,3,20.171875,28.40625,8.234375
gsm8k_375,L0H3,0,3,21.25,20.171875,-1.078125
gsm8k_376,L0H3,0,3,23.0625,23.703125,0.640625
gsm8k_377,L0H3,0,3,23.78125,22.5625,-1.21875
gsm8k_378,L0H3,0,3,22.765625,18.4375,-4.328125
gsm8k_379,L0H3,0,3,18.125,16.421875,-1.703125
gsm8k_380,L0H3,0,3,22.765625,13.171875,-9.59375
gsm8k_381,L0H3,0,3,9.3203125,22.5,13.1796875
gsm8k_382,L0H3,0,3,23.65625,22.828125,-0.828125
gsm8k_383,L0H3,0,3,23.34375,19.765625,-3.578125
gsm8k_384,L0H3,0,3,21.546875,14.859375,-6.6875
gsm8k_385,L0H3,0,3,22.46875,21.234375,-1.234375
gsm8k_386,L0H3,0,3,18.890625,18.625,-0.265625
gsm8k_387,L0H3,0,3,19.28125,16.890625,-2.390625
gsm8k_388,L0H3,0,3,7.88671875,12.1953125,4.30859375
gsm8k_389,L0H3,0,3,23.265625,16.90625,-6.359375
gsm8k_390,L0H3,0,3,23.546875,21.5625,-1.984375
gsm8k_391,L0H3,0,3,23.453125,22.953125,-0.5
gsm8k_392,L0H3,0,3,22.5,19.390625,-3.109375
gsm8k_393,L0H3,0,3,23.40625,18.6875,-4.71875
gsm8k_394,L0H3,0,3,9.40625,13.2265625,3.8203125
gsm8k_395,L0H3,0,3,23.78125,19.921875,-3.859375
gsm8k_396,L0H3,0,3,22.140625,23.0625,0.921875
gsm8k_397,L0H3,0,3,7.8984375,14.9921875,7.09375
gsm8k_398,L0H3,0,3,23.6875,19.28125,-4.40625
gsm8k_399,L0H3,0,3,8.6640625,19.640625,10.9765625
gsm8k_400,L0H3,0,3,9.4375,14.96875,5.53125
gsm8k_401,L0H3,0,3,20.859375,10.734375,-10.125
gsm8k_402,L0H3,0,3,21.828125,21.953125,0.125
gsm8k_403,L0H3,0,3,25.046875,20.875,-4.171875
gsm8k_404,L0H3,0,3,8.9140625,20.5,11.5859375
gsm8k_405,L0H3,0,3,19.65625,20.53125,0.875
gsm8k_406,L0H3,0,3,22.8125,17.359375,-5.453125
gsm8k_407,L0H3,0,3,23.140625,10.5625,-12.578125
gsm8k_408,L0H3,0,3,23.265625,19.625,-3.640625
gsm8k_409,L0H3,0,3,25.59375,21.046875,-4.546875
gsm8k_410,L0H3,0,3,15.2109375,20.328125,5.1171875
gsm8k_411,L0H3,0,3,22.828125,12.4453125,-10.3828125
gsm8k_412,L0H3,0,3,8.6875,22.90625,14.21875
gsm8k_413,L0H3,0,3,22.71875,17.109375,-5.609375
gsm8k_414,L0H3,0,3,24.140625,19.5,-4.640625
gsm8k_415,L0H3,0,3,23.640625,21.34375,-2.296875
gsm8k_416,L0H3,0,3,23.375,20.515625,-2.859375
gsm8k_417,L0H3,0,3,22.546875,17.515625,-5.03125
gsm8k_418,L0H3,0,3,24.625,20.90625,-3.71875
gsm8k_419,L0H3,0,3,22.90625,15.4375,-7.46875
gsm8k_420,L0H3,0,3,7.94921875,13.0546875,5.10546875
gsm8k_421,L0H3,0,3,22.75,18.203125,-4.546875
gsm8k_422,L0H3,0,3,23.921875,18.09375,-5.828125
gsm8k_423,L0H3,0,3,23.515625,23.140625,-0.375
gsm8k_424,L0H3,0,3,24.109375,22.796875,-1.3125
gsm8k_425,L0H3,0,3,24.78125,16.890625,-7.890625
gsm8k_426,L0H3,0,3,20.484375,20.90625,0.421875
gsm8k_427,L0H3,0,3,25.0,21.03125,-3.96875
gsm8k_428,L0H3,0,3,23.859375,25.046875,1.1875
gsm8k_429,L0H3,0,3,23.328125,19.609375,-3.71875
gsm8k_430,L0H3,0,3,21.53125,22.796875,1.265625
gsm8k_431,L0H3,0,3,24.140625,20.34375,-3.796875
gsm8k_432,L0H3,0,3,25.546875,25.21875,-0.328125
gsm8k_433,L0H3,0,3,24.65625,19.625,-5.03125
gsm8k_434,L0H3,0,3,9.171875,15.546875,6.375
gsm8k_435,L0H3,0,3,21.765625,25.125,3.359375
gsm8k_436,L0H3,0,3,21.265625,19.515625,-1.75
gsm8k_437,L0H3,0,3,10.2578125,7.6875,-2.5703125
gsm8k_438,L0H3,0,3,18.75,22.421875,3.671875
gsm8k_439,L0H3,0,3,22.546875,19.59375,-2.953125
gsm8k_440,L0H3,0,3,25.0,24.046875,-0.953125
gsm8k_441,L0H3,0,3,9.2890625,17.734375,8.4453125
gsm8k_442,L0H3,0,3,23.3125,18.71875,-4.59375
gsm8k_443,L0H3,0,3,23.84375,18.53125,-5.3125
gsm8k_444,L0H3,0,3,23.25,22.53125,-0.71875
gsm8k_445,L0H3,0,3,21.84375,24.734375,2.890625
gsm8k_446,L0H3,0,3,24.328125,24.140625,-0.1875
gsm8k_447,L0H3,0,3,18.953125,21.125,2.171875
gsm8k_448,L0H3,0,3,23.421875,21.8125,-1.609375
gsm8k_449,L0H3,0,3,20.96875,24.296875,3.328125
gsm8k_450,L0H3,0,3,23.515625,19.046875,-4.46875
gsm8k_451,L0H3,0,3,23.734375,23.515625,-0.21875
gsm8k_452,L0H3,0,3,23.9375,24.234375,0.296875
gsm8k_453,L0H3,0,3,24.53125,18.265625,-6.265625
gsm8k_454,L0H3,0,3,22.703125,16.53125,-6.171875
gsm8k_455,L0H3,0,3,11.984375,17.03125,5.046875
gsm8k_456,L0H3,0,3,22.703125,22.0,-0.703125
gsm8k_457,L0H3,0,3,22.453125,18.40625,-4.046875
gsm8k_458,L0H3,0,3,19.609375,19.90625,0.296875
gsm8k_459,L0H3,0,3,24.390625,16.546875,-7.84375
gsm8k_460,L0H3,0,3,8.6640625,16.28125,7.6171875
gsm8k_461,L0H3,0,3,25.109375,20.28125,-4.828125
gsm8k_462,L0H3,0,3,16.796875,21.71875,4.921875
gsm8k_463,L0H3,0,3,21.6875,16.5,-5.1875
gsm8k_464,L0H3,0,3,21.75,19.125,-2.625
gsm8k_465,L0H3,0,3,8.5,19.125,10.625
gsm8k_466,L0H3,0,3,21.484375,20.828125,-0.65625
gsm8k_467,L0H3,0,3,22.328125,15.265625,-7.0625
gsm8k_468,L0H3,0,3,22.609375,15.578125,-7.03125
gsm8k_469,L0H3,0,3,23.328125,19.34375,-3.984375
gsm8k_470,L0H3,0,3,23.46875,22.71875,-0.75
gsm8k_471,L0H3,0,3,23.390625,16.796875,-6.59375
gsm8k_472,L0H3,0,3,8.8828125,17.109375,8.2265625
gsm8k_473,L0H3,0,3,19.953125,19.4375,-0.515625
gsm8k_474,L0H3,0,3,23.890625,23.578125,-0.3125
gsm8k_475,L0H3,0,3,22.9375,18.015625,-4.921875
gsm8k_476,L0H3,0,3,16.65625,20.234375,3.578125
gsm8k_477,L0H3,0,3,21.5,20.453125,-1.046875
gsm8k_478,L0H3,0,3,24.234375,22.671875,-1.5625
gsm8k_479,L0H3,0,3,23.609375,14.3984375,-9.2109375
gsm8k_480,L0H3,0,3,22.921875,19.5,-3.421875
gsm8k_481,L0H3,0,3,24.859375,20.78125,-4.078125
gsm8k_482,L0H3,0,3,16.78125,20.140625,3.359375
gsm8k_483,L0H3,0,3,23.34375,17.78125,-5.5625
gsm8k_484,L0H3,0,3,23.40625,21.796875,-1.609375
gsm8k_485,L0H3,0,3,18.578125,22.65625,4.078125
gsm8k_486,L0H3,0,3,22.71875,26.0625,3.34375
gsm8k_487,L0H3,0,3,23.40625,24.6875,1.28125
gsm8k_488,L0H3,0,3,16.5625,15.3515625,-1.2109375
gsm8k_489,L0H3,0,3,21.6875,14.2890625,-7.3984375
gsm8k_490,L0H3,0,3,8.421875,19.328125,10.90625
gsm8k_491,L0H3,0,3,18.640625,19.640625,1.0
gsm8k_492,L0H3,0,3,7.45703125,19.546875,12.08984375
gsm8k_493,L0H3,0,3,23.515625,20.171875,-3.34375
gsm8k_494,L0H3,0,3,25.5625,15.5859375,-9.9765625
gsm8k_495,L0H3,0,3,21.171875,23.625,2.453125
gsm8k_496,L0H3,0,3,8.671875,17.359375,8.6875
gsm8k_497,L0H3,0,3,23.5,19.921875,-3.578125
gsm8k_498,L0H3,0,3,22.5,21.15625,-1.34375
gsm8k_499,L0H3,0,3,23.125,21.390625,-1.734375
gsm8k_500,L0H3,0,3,23.671875,21.40625,-2.265625
gsm8k_501,L0H3,0,3,23.359375,17.6875,-5.671875
gsm8k_502,L0H3,0,3,20.171875,22.40625,2.234375
gsm8k_503,L0H3,0,3,24.078125,22.921875,-1.15625
gsm8k_504,L0H3,0,3,22.8125,21.71875,-1.09375
gsm8k_505,L0H3,0,3,21.65625,13.3515625,-8.3046875
gsm8k_506,L0H3,0,3,10.6796875,16.203125,5.5234375
gsm8k_507,L0H3,0,3,25.03125,22.984375,-2.046875
gsm8k_508,L0H3,0,3,22.953125,14.8125,-8.140625
gsm8k_509,L0H3,0,3,24.046875,17.40625,-6.640625
gsm8k_510,L0H3,0,3,22.4375,20.234375,-2.203125
gsm8k_511,L0H3,0,3,17.640625,24.796875,7.15625
gsm8k_512,L0H3,0,3,8.734375,17.609375,8.875
gsm8k_513,L0H3,0,3,24.0,19.109375,-4.890625
gsm8k_514,L0H3,0,3,21.890625,10.828125,-11.0625
gsm8k_515,L0H3,0,3,23.0625,14.3515625,-8.7109375
gsm8k_516,L0H3,0,3,19.09375,20.59375,1.5
gsm8k_517,L0H3,0,3,23.921875,21.5625,-2.359375
gsm8k_518,L0H3,0,3,9.3984375,20.046875,10.6484375
gsm8k_519,L0H3,0,3,19.671875,20.53125,0.859375
gsm8k_520,L0H3,0,3,12.109375,19.453125,7.34375
gsm8k_521,L0H3,0,3,21.40625,20.609375,-0.796875
gsm8k_522,L0H3,0,3,22.484375,20.875,-1.609375
gsm8k_523,L0H3,0,3,18.265625,18.21875,-0.046875
gsm8k_524,L0H3,0,3,22.34375,21.1875,-1.15625
gsm8k_525,L0H3,0,3,24.546875,21.640625,-2.90625
gsm8k_526,L0H3,0,3,21.40625,12.1953125,-9.2109375
gsm8k_527,L0H3,0,3,23.3125,21.515625,-1.796875
gsm8k_528,L0H3,0,3,22.59375,19.328125,-3.265625
gsm8k_529,L0H3,0,3,23.25,22.40625,-0.84375
gsm8k_530,L0H3,0,3,22.890625,19.796875,-3.09375
gsm8k_531,L0H3,0,3,22.96875,18.640625,-4.328125
gsm8k_532,L0H3,0,3,22.515625,18.84375,-3.671875
gsm8k_533,L0H3,0,3,22.734375,15.2265625,-7.5078125
gsm8k_534,L0H3,0,3,23.921875,17.984375,-5.9375
gsm8k_535,L0H3,0,3,24.421875,17.1875,-7.234375
gsm8k_536,L0H3,0,3,19.078125,17.46875,-1.609375
gsm8k_537,L0H3,0,3,24.25,22.5,-1.75
gsm8k_538,L0H3,0,3,24.5,21.65625,-2.84375
gsm8k_539,L0H3,0,3,22.28125,14.9140625,-7.3671875
gsm8k_540,L0H3,0,3,23.09375,18.78125,-4.3125
gsm8k_541,L0H3,0,3,24.109375,20.109375,-4.0
gsm8k_542,L0H3,0,3,20.359375,16.1875,-4.171875
gsm8k_543,L0H3,0,3,14.984375,23.84375,8.859375
gsm8k_544,L0H3,0,3,17.265625,19.328125,2.0625
gsm8k_545,L0H3,0,3,22.453125,27.984375,5.53125
gsm8k_546,L0H3,0,3,23.8125,20.828125,-2.984375
gsm8k_547,L0H3,0,3,23.078125,15.90625,-7.171875
gsm8k_548,L0H3,0,3,7.26171875,19.640625,12.37890625
gsm8k_549,L0H3,0,3,24.921875,21.59375,-3.328125
gsm8k_550,L0H3,0,3,22.046875,16.53125,-5.515625
gsm8k_551,L0H3,0,3,20.984375,20.6875,-0.296875
gsm8k_552,L0H3,0,3,21.78125,8.5703125,-13.2109375
gsm8k_553,L0H3,0,3,8.421875,17.375,8.953125
gsm8k_554,L0H3,0,3,23.421875,21.53125,-1.890625
gsm8k_555,L0H3,0,3,23.71875,25.765625,2.046875
gsm8k_556,L0H3,0,3,20.21875,22.84375,2.625
gsm8k_557,L0H3,0,3,10.421875,17.921875,7.5
gsm8k_558,L0H3,0,3,25.5625,19.453125,-6.109375
gsm8k_559,L0H3,0,3,23.59375,21.078125,-2.515625
gsm8k_560,L0H3,0,3,20.078125,24.96875,4.890625
gsm8k_561,L0H3,0,3,10.234375,18.484375,8.25
gsm8k_562,L0H3,0,3,23.984375,22.625,-1.359375
gsm8k_563,L0H3,0,3,23.53125,14.8203125,-8.7109375
gsm8k_564,L0H3,0,3,22.828125,19.203125,-3.625
gsm8k_565,L0H3,0,3,22.5625,21.515625,-1.046875
gsm8k_566,L0H3,0,3,8.5703125,15.90625,7.3359375
gsm8k_567,L0H3,0,3,20.671875,15.7109375,-4.9609375
gsm8k_568,L0H3,0,3,22.59375,20.703125,-1.890625
gsm8k_569,L0H3,0,3,20.4375,19.515625,-0.921875
gsm8k_570,L0H3,0,3,22.40625,20.046875,-2.359375
gsm8k_571,L0H3,0,3,8.2890625,17.84375,9.5546875
gsm8k_572,L0H3,0,3,20.546875,19.4375,-1.109375
gsm8k_573,L0H3,0,3,18.6875,19.6875,1.0
gsm8k_574,L0H3,0,3,20.546875,21.828125,1.28125
gsm8k_575,L0H3,0,3,17.09375,19.6875,2.59375
gsm8k_576,L0H3,0,3,22.40625,16.015625,-6.390625
gsm8k_577,L0H3,0,3,9.9453125,22.328125,12.3828125
gsm8k_578,L0H3,0,3,22.40625,20.734375,-1.671875
gsm8k_579,L0H3,0,3,19.015625,16.65625,-2.359375
gsm8k_580,L0H3,0,3,21.859375,19.609375,-2.25
gsm8k_581,L0H3,0,3,9.140625,15.3984375,6.2578125
gsm8k_582,L0H3,0,3,21.25,9.03125,-12.21875
gsm8k_583,L0H3,0,3,22.203125,18.734375,-3.46875
gsm8k_584,L0H3,0,3,22.734375,18.0625,-4.671875
gsm8k_585,L0H3,0,3,23.40625,25.53125,2.125
gsm8k_586,L0H3,0,3,19.8125,20.921875,1.109375
gsm8k_587,L0H3,0,3,21.890625,18.515625,-3.375
gsm8k_588,L0H3,0,3,22.078125,21.46875,-0.609375
gsm8k_589,L0H3,0,3,23.296875,12.671875,-10.625
gsm8k_590,L0H3,0,3,23.34375,17.546875,-5.796875
gsm8k_591,L0H3,0,3,18.578125,18.9375,0.359375
gsm8k_592,L0H3,0,3,23.21875,22.234375,-0.984375
gsm8k_593,L0H3,0,3,23.328125,17.921875,-5.40625
gsm8k_594,L0H3,0,3,21.0,21.8125,0.8125
gsm8k_595,L0H3,0,3,17.53125,18.609375,1.078125
gsm8k_596,L0H3,0,3,21.0625,18.828125,-2.234375
gsm8k_597,L0H3,0,3,23.234375,19.859375,-3.375
gsm8k_598,L0H3,0,3,23.34375,19.546875,-3.796875
gsm8k_599,L0H3,0,3,20.234375,14.8984375,-5.3359375
gsm8k_600,L0H3,0,3,7.94921875,15.4609375,7.51171875
gsm8k_601,L0H3,0,3,24.0625,19.546875,-4.515625
gsm8k_602,L0H3,0,3,8.171875,13.5546875,5.3828125
gsm8k_603,L0H3,0,3,22.28125,19.703125,-2.578125
gsm8k_604,L0H3,0,3,23.59375,15.296875,-8.296875
gsm8k_605,L0H3,0,3,23.25,22.296875,-0.953125
gsm8k_606,L0H3,0,3,24.25,13.71875,-10.53125
gsm8k_607,L0H3,0,3,23.375,24.265625,0.890625
gsm8k_608,L0H3,0,3,25.421875,20.9375,-4.484375
gsm8k_609,L0H3,0,3,21.6875,24.140625,2.453125
gsm8k_610,L0H3,0,3,22.203125,25.0,2.796875
gsm8k_611,L0H3,0,3,19.765625,17.9375,-1.828125
gsm8k_612,L0H3,0,3,8.2890625,20.578125,12.2890625
gsm8k_613,L0H3,0,3,23.40625,16.4375,-6.96875
gsm8k_614,L0H3,0,3,23.984375,18.359375,-5.625
gsm8k_615,L0H3,0,3,14.0546875,15.3359375,1.28125
gsm8k_616,L0H3,0,3,8.7734375,17.953125,9.1796875
gsm8k_617,L0H3,0,3,21.21875,21.40625,0.1875
gsm8k_618,L0H3,0,3,24.09375,20.796875,-3.296875
gsm8k_619,L0H3,0,3,22.765625,22.8125,0.046875
gsm8k_620,L0H3,0,3,21.9375,18.25,-3.6875
gsm8k_621,L0H3,0,3,8.46875,13.625,5.15625
gsm8k_622,L0H3,0,3,24.25,17.34375,-6.90625
gsm8k_623,L0H3,0,3,8.8515625,14.125,5.2734375
gsm8k_624,L0H3,0,3,20.359375,21.9375,1.578125
gsm8k_625,L0H3,0,3,20.828125,21.015625,0.1875
gsm8k_626,L0H3,0,3,13.5,19.25,5.75
gsm8k_627,L0H3,0,3,23.75,25.390625,1.640625
gsm8k_628,L0H3,0,3,23.203125,17.5625,-5.640625
gsm8k_629,L0H3,0,3,23.90625,11.1875,-12.71875
gsm8k_630,L0H3,0,3,22.75,20.4375,-2.3125
gsm8k_631,L0H3,0,3,22.140625,15.9921875,-6.1484375
gsm8k_632,L0H3,0,3,22.421875,24.359375,1.9375
gsm8k_633,L0H3,0,3,24.703125,23.5625,-1.140625
gsm8k_634,L0H3,0,3,23.703125,19.0,-4.703125
gsm8k_635,L0H3,0,3,23.734375,21.875,-1.859375
gsm8k_636,L0H3,0,3,20.234375,25.8125,5.578125
gsm8k_637,L0H3,0,3,23.40625,19.9375,-3.46875
gsm8k_638,L0H3,0,3,21.8125,12.6015625,-9.2109375
gsm8k_639,L0H3,0,3,25.109375,16.796875,-8.3125
gsm8k_640,L0H3,0,3,21.46875,9.8671875,-11.6015625
gsm8k_641,L0H3,0,3,22.703125,9.4921875,-13.2109375
gsm8k_642,L0H3,0,3,22.453125,18.875,-3.578125
gsm8k_643,L0H3,0,3,18.515625,17.234375,-1.28125
gsm8k_644,L0H3,0,3,18.859375,19.5,0.640625
gsm8k_645,L0H3,0,3,20.515625,24.09375,3.578125
gsm8k_646,L0H3,0,3,9.765625,17.84375,8.078125
gsm8k_647,L0H3,0,3,24.125,23.0,-1.125
gsm8k_648,L0H3,0,3,26.546875,15.6640625,-10.8828125
gsm8k_649,L0H3,0,3,23.546875,8.5234375,-15.0234375
gsm8k_650,L0H3,0,3,24.890625,20.0,-4.890625
gsm8k_651,L0H3,0,3,22.28125,19.671875,-2.609375
gsm8k_652,L0H3,0,3,23.046875,23.21875,0.171875
gsm8k_653,L0H3,0,3,16.21875,12.3359375,-3.8828125
gsm8k_654,L0H3,0,3,23.4375,20.609375,-2.828125
gsm8k_655,L0H3,0,3,18.03125,20.984375,2.953125
gsm8k_656,L0H3,0,3,8.359375,16.65625,8.296875
gsm8k_657,L0H3,0,3,19.734375,10.7421875,-8.9921875
gsm8k_658,L0H3,0,3,22.46875,21.109375,-1.359375
gsm8k_659,L0H3,0,3,23.015625,22.15625,-0.859375
gsm8k_660,L0H3,0,3,18.296875,14.4765625,-3.8203125
gsm8k_661,L0H3,0,3,22.390625,17.8125,-4.578125
gsm8k_662,L0H3,0,3,21.265625,22.0625,0.796875
gsm8k_663,L0H3,0,3,20.3125,24.109375,3.796875
gsm8k_664,L0H3,0,3,24.421875,24.71875,0.296875
gsm8k_665,L0H3,0,3,22.28125,22.859375,0.578125
gsm8k_666,L0H3,0,3,22.046875,24.578125,2.53125
gsm8k_667,L0H3,0,3,19.6875,23.484375,3.796875
gsm8k_668,L0H3,0,3,22.703125,22.203125,-0.5
gsm8k_669,L0H3,0,3,23.28125,17.4375,-5.84375
gsm8k_670,L0H3,0,3,24.703125,21.5625,-3.140625
gsm8k_671,L0H3,0,3,19.171875,19.1875,0.015625
gsm8k_672,L0H3,0,3,23.296875,17.734375,-5.5625
gsm8k_673,L0H3,0,3,19.921875,20.40625,0.484375
gsm8k_674,L0H3,0,3,8.203125,11.984375,3.78125
gsm8k_675,L0H3,0,3,23.578125,20.765625,-2.8125
gsm8k_676,L0H3,0,3,23.65625,18.859375,-4.796875
gsm8k_677,L0H3,0,3,26.328125,21.59375,-4.734375
gsm8k_678,L0H3,0,3,18.75,23.6875,4.9375
gsm8k_679,L0H3,0,3,22.4375,22.640625,0.203125
gsm8k_680,L0H3,0,3,9.125,18.625,9.5
gsm8k_681,L0H3,0,3,22.53125,17.328125,-5.203125
gsm8k_682,L0H3,0,3,20.546875,20.484375,-0.0625
gsm8k_683,L0H3,0,3,23.578125,19.921875,-3.65625
gsm8k_684,L0H3,0,3,9.265625,23.9375,14.671875
gsm8k_685,L0H3,0,3,19.390625,20.203125,0.8125
gsm8k_686,L0H3,0,3,9.34375,20.25,10.90625
gsm8k_687,L0H3,0,3,20.53125,18.515625,-2.015625
gsm8k_688,L0H3,0,3,20.53125,25.375,4.84375
gsm8k_689,L0H3,0,3,23.203125,18.0,-5.203125
gsm8k_690,L0H3,0,3,22.984375,18.875,-4.109375
gsm8k_691,L0H3,0,3,11.828125,15.953125,4.125
gsm8k_692,L0H3,0,3,21.0,20.828125,-0.171875
gsm8k_693,L0H3,0,3,24.296875,20.65625,-3.640625
gsm8k_694,L0H3,0,3,23.4375,17.609375,-5.828125
gsm8k_695,L0H3,0,3,22.421875,14.4765625,-7.9453125
gsm8k_696,L0H3,0,3,24.25,13.0078125,-11.2421875
gsm8k_697,L0H3,0,3,23.15625,15.3125,-7.84375
gsm8k_698,L0H3,0,3,20.125,11.9609375,-8.1640625
gsm8k_699,L0H3,0,3,18.828125,17.40625,-1.421875
gsm8k_700,L0H3,0,3,23.515625,20.90625,-2.609375
gsm8k_701,L0H3,0,3,23.0,21.390625,-1.609375
gsm8k_702,L0H3,0,3,23.140625,11.6953125,-11.4453125
gsm8k_703,L0H3,0,3,22.9375,24.28125,1.34375
gsm8k_704,L0H3,0,3,7.859375,19.9375,12.078125
gsm8k_705,L0H3,0,3,24.71875,25.1875,0.46875
gsm8k_706,L0H3,0,3,20.5625,17.84375,-2.71875
gsm8k_707,L0H3,0,3,22.015625,24.078125,2.0625
gsm8k_708,L0H3,0,3,8.1796875,22.125,13.9453125
gsm8k_709,L0H3,0,3,22.109375,20.46875,-1.640625
gsm8k_710,L0H3,0,3,8.5078125,19.71875,11.2109375
gsm8k_711,L0H3,0,3,24.15625,22.71875,-1.4375
gsm8k_712,L0H3,0,3,23.453125,18.234375,-5.21875
gsm8k_713,L0H3,0,3,23.25,23.21875,-0.03125
gsm8k_714,L0H3,0,3,23.40625,20.796875,-2.609375
gsm8k_715,L0H3,0,3,20.359375,11.5625,-8.796875
gsm8k_716,L0H3,0,3,8.578125,15.9375,7.359375
gsm8k_717,L0H3,0,3,17.828125,21.171875,3.34375
gsm8k_718,L0H3,0,3,22.5,19.359375,-3.140625
gsm8k_719,L0H3,0,3,20.890625,18.171875,-2.71875
gsm8k_720,L0H3,0,3,22.5,13.75,-8.75
gsm8k_721,L0H3,0,3,22.25,19.171875,-3.078125
gsm8k_722,L0H3,0,3,19.578125,15.421875,-4.15625
gsm8k_723,L0H3,0,3,22.453125,23.4375,0.984375
gsm8k_724,L0H3,0,3,22.421875,23.140625,0.71875
gsm8k_725,L0H3,0,3,24.140625,19.59375,-4.546875
gsm8k_726,L0H3,0,3,23.28125,21.265625,-2.015625
gsm8k_727,L0H3,0,3,22.328125,17.53125,-4.796875
gsm8k_728,L0H3,0,3,23.53125,18.25,-5.28125
gsm8k_729,L0H3,0,3,21.40625,12.0625,-9.34375
gsm8k_730,L0H3,0,3,23.765625,21.078125,-2.6875
gsm8k_731,L0H3,0,3,22.359375,22.734375,0.375
gsm8k_732,L0H3,0,3,22.796875,21.25,-1.546875
gsm8k_733,L0H3,0,3,19.046875,19.546875,0.5
gsm8k_734,L0H3,0,3,24.0625,20.125,-3.9375
gsm8k_735,L0H3,0,3,23.4375,18.46875,-4.96875
gsm8k_736,L0H3,0,3,24.5,20.046875,-4.453125
gsm8k_737,L0H3,0,3,25.375,23.046875,-2.328125
gsm8k_738,L0H3,0,3,22.5,24.421875,1.921875
gsm8k_739,L0H3,0,3,23.515625,21.234375,-2.28125
gsm8k_740,L0H3,0,3,22.84375,17.6875,-5.15625
gsm8k_741,L0H3,0,3,20.09375,18.921875,-1.171875
gsm8k_742,L0H3,0,3,23.78125,25.171875,1.390625
gsm8k_743,L0H3,0,3,18.390625,21.046875,2.65625
gsm8k_744,L0H3,0,3,21.703125,21.390625,-0.3125
gsm8k_745,L0H3,0,3,22.140625,17.484375,-4.65625
gsm8k_746,L0H3,0,3,21.265625,18.171875,-3.09375
gsm8k_747,L0H3,0,3,8.390625,17.984375,9.59375
gsm8k_748,L0H3,0,3,18.5625,21.265625,2.703125
gsm8k_749,L0H3,0,3,22.828125,24.015625,1.1875
gsm8k_750,L0H3,0,3,22.65625,17.359375,-5.296875
gsm8k_751,L0H3,0,3,22.53125,14.0234375,-8.5078125
gsm8k_752,L0H3,0,3,22.46875,15.0546875,-7.4140625
gsm8k_753,L0H3,0,3,24.015625,14.15625,-9.859375
gsm8k_754,L0H3,0,3,24.125,21.890625,-2.234375
gsm8k_755,L0H3,0,3,23.546875,19.40625,-4.140625
gsm8k_756,L0H3,0,3,21.25,13.3984375,-7.8515625
gsm8k_757,L0H3,0,3,23.28125,22.734375,-0.546875
gsm8k_758,L0H3,0,3,18.84375,19.84375,1.0
gsm8k_759,L0H3,0,3,23.421875,13.3046875,-10.1171875
gsm8k_760,L0H3,0,3,22.59375,16.703125,-5.890625
gsm8k_761,L0H3,0,3,22.4375,13.59375,-8.84375
gsm8k_762,L0H3,0,3,22.359375,19.84375,-2.515625
gsm8k_763,L0H3,0,3,23.390625,19.125,-4.265625
gsm8k_764,L0H3,0,3,20.546875,18.859375,-1.6875
gsm8k_765,L0H3,0,3,20.890625,22.8125,1.921875
gsm8k_766,L0H3,0,3,8.0234375,17.578125,9.5546875
gsm8k_767,L0H3,0,3,18.828125,21.109375,2.28125
gsm8k_768,L0H3,0,3,25.109375,26.203125,1.09375
gsm8k_769,L0H3,0,3,23.296875,16.34375,-6.953125
gsm8k_770,L0H3,0,3,12.203125,17.765625,5.5625
gsm8k_771,L0H3,0,3,22.3125,15.2890625,-7.0234375
gsm8k_772,L0H3,0,3,23.21875,22.046875,-1.171875
gsm8k_773,L0H3,0,3,24.375,20.9375,-3.4375
gsm8k_774,L0H3,0,3,10.109375,15.5546875,5.4453125
gsm8k_775,L0H3,0,3,21.828125,18.25,-3.578125
gsm8k_776,L0H3,0,3,16.609375,20.703125,4.09375
gsm8k_777,L0H3,0,3,23.546875,16.328125,-7.21875
gsm8k_778,L0H3,0,3,23.921875,19.40625,-4.515625
gsm8k_779,L0H3,0,3,24.09375,21.375,-2.71875
gsm8k_780,L0H3,0,3,24.984375,20.984375,-4.0
gsm8k_781,L0H3,0,3,24.359375,25.0,0.640625
gsm8k_782,L0H3,0,3,24.109375,24.671875,0.5625
gsm8k_783,L0H3,0,3,22.796875,18.171875,-4.625
gsm8k_784,L0H3,0,3,19.9375,21.4375,1.5
gsm8k_785,L0H3,0,3,24.34375,22.4375,-1.90625
gsm8k_786,L0H3,0,3,21.421875,16.3125,-5.109375
gsm8k_787,L0H3,0,3,23.15625,23.265625,0.109375
gsm8k_788,L0H3,0,3,18.421875,18.96875,0.546875
gsm8k_789,L0H3,0,3,7.890625,12.5234375,4.6328125
gsm8k_790,L0H3,0,3,23.546875,16.15625,-7.390625
gsm8k_791,L0H3,0,3,22.46875,18.015625,-4.453125
gsm8k_792,L0H3,0,3,22.0625,13.6796875,-8.3828125
gsm8k_793,L0H3,0,3,24.171875,20.65625,-3.515625
gsm8k_794,L0H3,0,3,8.6171875,27.984375,19.3671875
gsm8k_795,L0H3,0,3,17.671875,17.078125,-0.59375
gsm8k_796,L0H3,0,3,23.046875,15.1328125,-7.9140625
gsm8k_797,L0H3,0,3,11.5234375,13.453125,1.9296875
gsm8k_798,L0H3,0,3,23.671875,17.234375,-6.4375
gsm8k_799,L0H3,0,3,20.671875,16.3125,-4.359375
gsm8k_800,L0H3,0,3,22.78125,20.234375,-2.546875
gsm8k_801,L0H3,0,3,22.859375,15.109375,-7.75
gsm8k_802,L0H3,0,3,24.15625,19.234375,-4.921875
gsm8k_803,L0H3,0,3,22.703125,17.34375,-5.359375
gsm8k_804,L0H3,0,3,24.34375,26.546875,2.203125
gsm8k_805,L0H3,0,3,24.453125,21.171875,-3.28125
gsm8k_806,L0H3,0,3,22.5,20.796875,-1.703125
gsm8k_807,L0H3,0,3,23.3125,21.546875,-1.765625
gsm8k_808,L0H3,0,3,23.90625,20.375,-3.53125
gsm8k_809,L0H3,0,3,9.7734375,18.453125,8.6796875
gsm8k_810,L0H3,0,3,21.953125,18.265625,-3.6875
gsm8k_811,L0H3,0,3,9.265625,16.515625,7.25
gsm8k_812,L0H3,0,3,22.71875,16.734375,-5.984375
gsm8k_813,L0H3,0,3,25.609375,10.546875,-15.0625
gsm8k_814,L0H3,0,3,23.875,16.65625,-7.21875
gsm8k_815,L0H3,0,3,24.5,21.78125,-2.71875
gsm8k_816,L0H3,0,3,16.265625,23.25,6.984375
gsm8k_817,L0H3,0,3,8.46875,16.609375,8.140625
gsm8k_818,L0H3,0,3,23.1875,21.4375,-1.75
gsm8k_819,L0H3,0,3,21.1875,13.0859375,-8.1015625
gsm8k_820,L0H3,0,3,9.953125,16.421875,6.46875
gsm8k_821,L0H3,0,3,24.625,19.4375,-5.1875
gsm8k_822,L0H3,0,3,21.609375,16.078125,-5.53125
gsm8k_823,L0H3,0,3,23.71875,22.703125,-1.015625
gsm8k_824,L0H3,0,3,25.65625,26.71875,1.0625
gsm8k_825,L0H3,0,3,23.0,14.9609375,-8.0390625
gsm8k_826,L0H3,0,3,23.40625,23.265625,-0.140625
gsm8k_827,L0H3,0,3,23.375,21.546875,-1.828125
gsm8k_828,L0H3,0,3,21.828125,22.0625,0.234375
gsm8k_829,L0H3,0,3,21.109375,12.546875,-8.5625
gsm8k_830,L0H3,0,3,24.734375,14.0078125,-10.7265625
gsm8k_831,L0H3,0,3,15.484375,16.09375,0.609375
gsm8k_832,L0H3,0,3,21.484375,17.4375,-4.046875
gsm8k_833,L0H3,0,3,9.2109375,19.25,10.0390625
gsm8k_834,L0H3,0,3,8.2421875,20.15625,11.9140625
gsm8k_835,L0H3,0,3,23.421875,18.8125,-4.609375
gsm8k_836,L0H3,0,3,18.65625,22.21875,3.5625
gsm8k_837,L0H3,0,3,13.78125,21.21875,7.4375
gsm8k_838,L0H3,0,3,21.03125,21.484375,0.453125
gsm8k_839,L0H3,0,3,19.8125,21.453125,1.640625
gsm8k_840,L0H3,0,3,24.71875,20.15625,-4.5625
gsm8k_841,L0H3,0,3,20.59375,12.9921875,-7.6015625
gsm8k_842,L0H3,0,3,8.5234375,16.0625,7.5390625
gsm8k_843,L0H3,0,3,8.890625,18.453125,9.5625
gsm8k_844,L0H3,0,3,22.15625,17.75,-4.40625
gsm8k_845,L0H3,0,3,23.125,18.984375,-4.140625
gsm8k_846,L0H3,0,3,24.25,15.453125,-8.796875
gsm8k_847,L0H3,0,3,23.15625,23.921875,0.765625
gsm8k_848,L0H3,0,3,21.375,22.3125,0.9375
gsm8k_849,L0H3,0,3,20.15625,16.71875,-3.4375
gsm8k_850,L0H3,0,3,16.59375,18.484375,1.890625
gsm8k_851,L0H3,0,3,18.015625,21.34375,3.328125
gsm8k_852,L0H3,0,3,8.9296875,17.609375,8.6796875
gsm8k_853,L0H3,0,3,23.359375,21.03125,-2.328125
gsm8k_854,L0H3,0,3,24.53125,20.59375,-3.9375
gsm8k_855,L0H3,0,3,22.265625,21.671875,-0.59375
gsm8k_856,L0H3,0,3,18.9375,19.4375,0.5
gsm8k_857,L0H3,0,3,22.65625,8.9140625,-13.7421875
gsm8k_858,L0H3,0,3,22.453125,16.140625,-6.3125
gsm8k_859,L0H3,0,3,22.25,20.484375,-1.765625
gsm8k_860,L0H3,0,3,11.84375,22.296875,10.453125
gsm8k_861,L0H3,0,3,22.703125,21.890625,-0.8125
gsm8k_862,L0H3,0,3,19.6875,24.65625,4.96875
gsm8k_863,L0H3,0,3,8.6484375,17.015625,8.3671875
gsm8k_864,L0H3,0,3,8.2890625,17.828125,9.5390625
gsm8k_865,L0H3,0,3,23.9375,14.7734375,-9.1640625
gsm8k_866,L0H3,0,3,22.359375,18.78125,-3.578125
gsm8k_867,L0H3,0,3,20.34375,15.4609375,-4.8828125
gsm8k_868,L0H3,0,3,22.3125,24.53125,2.21875
gsm8k_869,L0H3,0,3,12.40625,18.65625,6.25
gsm8k_870,L0H3,0,3,19.28125,21.796875,2.515625
gsm8k_871,L0H3,0,3,23.390625,22.171875,-1.21875
gsm8k_872,L0H3,0,3,22.875,20.09375,-2.78125
gsm8k_873,L0H3,0,3,6.96484375,14.1015625,7.13671875
gsm8k_874,L0H3,0,3,6.98828125,13.953125,6.96484375
gsm8k_875,L0H3,0,3,20.0,12.9609375,-7.0390625
gsm8k_876,L0H3,0,3,23.6875,15.5390625,-8.1484375
gsm8k_877,L0H3,0,3,22.609375,16.578125,-6.03125
gsm8k_878,L0H3,0,3,23.890625,19.09375,-4.796875
gsm8k_879,L0H3,0,3,23.03125,16.375,-6.65625
gsm8k_880,L0H3,0,3,23.296875,16.609375,-6.6875
gsm8k_881,L0H3,0,3,22.84375,24.828125,1.984375
gsm8k_882,L0H3,0,3,23.96875,21.09375,-2.875
gsm8k_883,L0H3,0,3,7.91796875,13.515625,5.59765625
gsm8k_884,L0H3,0,3,20.203125,18.984375,-1.21875
gsm8k_885,L0H3,0,3,18.078125,12.078125,-6.0
gsm8k_886,L0H3,0,3,23.609375,20.015625,-3.59375
gsm8k_887,L0H3,0,3,22.328125,24.59375,2.265625
gsm8k_888,L0H3,0,3,24.296875,21.453125,-2.84375
gsm8k_889,L0H3,0,3,21.46875,20.953125,-0.515625
gsm8k_890,L0H3,0,3,22.796875,14.65625,-8.140625
gsm8k_891,L0H3,0,3,25.140625,22.765625,-2.375
gsm8k_892,L0H3,0,3,23.90625,18.484375,-5.421875
gsm8k_893,L0H3,0,3,17.21875,18.203125,0.984375
gsm8k_894,L0H3,0,3,24.953125,20.6875,-4.265625
gsm8k_895,L0H3,0,3,16.0625,18.65625,2.59375
gsm8k_896,L0H3,0,3,24.65625,19.71875,-4.9375
gsm8k_897,L0H3,0,3,22.78125,18.984375,-3.796875
gsm8k_898,L0H3,0,3,22.9375,19.265625,-3.671875
gsm8k_899,L0H3,0,3,19.96875,22.296875,2.328125
gsm8k_900,L0H3,0,3,23.46875,24.375,0.90625
gsm8k_901,L0H3,0,3,23.8125,14.296875,-9.515625
gsm8k_902,L0H3,0,3,11.9375,21.375,9.4375
gsm8k_903,L0H3,0,3,23.953125,10.9765625,-12.9765625
gsm8k_904,L0H3,0,3,19.3125,18.578125,-0.734375
gsm8k_905,L0H3,0,3,23.109375,19.0625,-4.046875
gsm8k_906,L0H3,0,3,17.0625,12.7734375,-4.2890625
gsm8k_907,L0H3,0,3,20.640625,22.15625,1.515625
gsm8k_908,L0H3,0,3,17.03125,19.21875,2.1875
gsm8k_909,L0H3,0,3,22.59375,19.0,-3.59375
gsm8k_910,L0H3,0,3,22.265625,22.671875,0.40625
gsm8k_911,L0H3,0,3,25.5,18.296875,-7.203125
gsm8k_912,L0H3,0,3,25.15625,19.171875,-5.984375
gsm8k_913,L0H3,0,3,23.5625,23.890625,0.328125
gsm8k_914,L0H3,0,3,13.1796875,22.546875,9.3671875
gsm8k_915,L0H3,0,3,24.890625,24.21875,-0.671875
gsm8k_916,L0H3,0,3,23.25,19.8125,-3.4375
gsm8k_917,L0H3,0,3,17.4375,24.390625,6.953125
gsm8k_918,L0H3,0,3,22.65625,23.546875,0.890625
gsm8k_919,L0H3,0,3,24.25,23.4375,-0.8125
gsm8k_920,L0H3,0,3,22.6875,19.125,-3.5625
gsm8k_921,L0H3,0,3,25.0625,18.40625,-6.65625
gsm8k_922,L0H3,0,3,24.3125,19.78125,-4.53125
gsm8k_923,L0H3,0,3,21.640625,21.21875,-0.421875
gsm8k_924,L0H3,0,3,22.828125,20.984375,-1.84375
gsm8k_925,L0H3,0,3,23.25,18.109375,-5.140625
gsm8k_926,L0H3,0,3,23.640625,18.484375,-5.15625
gsm8k_927,L0H3,0,3,22.5,14.5859375,-7.9140625
gsm8k_928,L0H3,0,3,22.0625,21.65625,-0.40625
gsm8k_929,L0H3,0,3,15.4140625,20.125,4.7109375
gsm8k_930,L0H3,0,3,21.28125,23.28125,2.0
gsm8k_931,L0H3,0,3,22.65625,20.75,-1.90625
gsm8k_932,L0H3,0,3,22.6875,19.0,-3.6875
gsm8k_933,L0H3,0,3,24.421875,24.8125,0.390625
gsm8k_934,L0H3,0,3,11.0234375,17.75,6.7265625
gsm8k_935,L0H3,0,3,22.140625,11.5,-10.640625
gsm8k_936,L0H3,0,3,23.375,19.984375,-3.390625
gsm8k_937,L0H3,0,3,23.171875,20.828125,-2.34375
gsm8k_938,L0H3,0,3,21.828125,18.375,-3.453125
gsm8k_939,L0H3,0,3,21.953125,20.5,-1.453125
gsm8k_940,L0H3,0,3,24.1875,16.75,-7.4375
gsm8k_941,L0H3,0,3,25.0625,18.21875,-6.84375
gsm8k_942,L0H3,0,3,23.0,22.15625,-0.84375
gsm8k_943,L0H3,0,3,17.6875,16.40625,-1.28125
gsm8k_944,L0H3,0,3,20.03125,17.703125,-2.328125
gsm8k_945,L0H3,0,3,24.34375,19.046875,-5.296875
gsm8k_946,L0H3,0,3,23.84375,24.609375,0.765625
gsm8k_947,L0H3,0,3,11.109375,15.203125,4.09375
gsm8k_948,L0H3,0,3,23.0625,20.109375,-2.953125
gsm8k_949,L0H3,0,3,8.6015625,16.46875,7.8671875
gsm8k_950,L0H3,0,3,23.515625,23.171875,-0.34375
gsm8k_951,L0H3,0,3,23.640625,21.421875,-2.21875
gsm8k_952,L0H3,0,3,22.625,24.671875,2.046875
gsm8k_953,L0H3,0,3,26.828125,21.796875,-5.03125
gsm8k_954,L0H3,0,3,22.1875,24.296875,2.109375
gsm8k_955,L0H3,0,3,22.328125,12.8046875,-9.5234375
gsm8k_956,L0H3,0,3,23.796875,19.640625,-4.15625
gsm8k_957,L0H3,0,3,24.765625,22.546875,-2.21875
gsm8k_958,L0H3,0,3,23.0,20.9375,-2.0625
gsm8k_959,L0H3,0,3,23.296875,17.796875,-5.5
gsm8k_960,L0H3,0,3,22.203125,12.96875,-9.234375
gsm8k_961,L0H3,0,3,22.953125,17.390625,-5.5625
gsm8k_962,L0H3,0,3,21.21875,22.96875,1.75
gsm8k_963,L0H3,0,3,23.21875,20.734375,-2.484375
gsm8k_964,L0H3,0,3,20.609375,23.78125,3.171875
gsm8k_965,L0H3,0,3,23.671875,23.1875,-0.484375
gsm8k_966,L0H3,0,3,24.640625,19.578125,-5.0625
gsm8k_967,L0H3,0,3,22.984375,22.234375,-0.75
gsm8k_968,L0H3,0,3,25.015625,21.046875,-3.96875
gsm8k_969,L0H3,0,3,8.9296875,12.6640625,3.734375
gsm8k_970,L0H3,0,3,16.25,23.078125,6.828125
gsm8k_971,L0H3,0,3,19.40625,20.296875,0.890625
gsm8k_972,L0H3,0,3,23.984375,20.9375,-3.046875
gsm8k_973,L0H3,0,3,22.84375,16.296875,-6.546875
gsm8k_974,L0H3,0,3,11.0546875,17.921875,6.8671875
gsm8k_975,L0H3,0,3,21.984375,17.875,-4.109375
gsm8k_976,L0H3,0,3,23.125,21.890625,-1.234375
gsm8k_977,L0H3,0,3,22.984375,19.796875,-3.1875
gsm8k_978,L0H3,0,3,23.40625,20.203125,-3.203125
gsm8k_979,L0H3,0,3,22.265625,18.25,-4.015625
gsm8k_980,L0H3,0,3,20.015625,23.390625,3.375
gsm8k_981,L0H3,0,3,8.3203125,15.5234375,7.203125
gsm8k_982,L0H3,0,3,21.78125,11.375,-10.40625
gsm8k_983,L0H3,0,3,19.0,15.1953125,-3.8046875
gsm8k_984,L0H3,0,3,24.765625,23.09375,-1.671875
gsm8k_985,L0H3,0,3,7.33203125,15.4140625,8.08203125
gsm8k_986,L0H3,0,3,17.9375,19.75,1.8125
gsm8k_987,L0H3,0,3,21.703125,20.390625,-1.3125
gsm8k_988,L0H3,0,3,10.65625,15.3671875,4.7109375
gsm8k_989,L0H3,0,3,24.65625,22.546875,-2.109375
gsm8k_990,L0H3,0,3,22.90625,23.984375,1.078125
gsm8k_991,L0H3,0,3,24.234375,16.71875,-7.515625
gsm8k_992,L0H3,0,3,15.6640625,21.3125,5.6484375
gsm8k_993,L0H3,0,3,25.25,21.765625,-3.484375
gsm8k_994,L0H3,0,3,24.625,24.5625,-0.0625
gsm8k_995,L0H3,0,3,21.40625,25.890625,4.484375
gsm8k_996,L0H3,0,3,22.578125,19.453125,-3.125
gsm8k_997,L0H3,0,3,23.296875,12.8203125,-10.4765625
gsm8k_998,L0H3,0,3,23.40625,18.0,-5.40625
gsm8k_999,L0H3,0,3,24.203125,15.3515625,-8.8515625
gsm8k_1000,L0H3,0,3,9.453125,17.46875,8.015625
gsm8k_1001,L0H3,0,3,23.328125,12.5,-10.828125
gsm8k_1002,L0H3,0,3,24.046875,19.890625,-4.15625
gsm8k_1003,L0H3,0,3,10.2578125,14.765625,4.5078125
gsm8k_1004,L0H3,0,3,23.59375,21.171875,-2.421875
gsm8k_1005,L0H3,0,3,22.1875,17.84375,-4.34375
gsm8k_1006,L0H3,0,3,24.46875,17.640625,-6.828125
gsm8k_1007,L0H3,0,3,22.421875,17.140625,-5.28125
gsm8k_1008,L0H3,0,3,22.234375,17.625,-4.609375
gsm8k_1009,L0H3,0,3,22.765625,19.6875,-3.078125
gsm8k_1010,L0H3,0,3,21.453125,22.390625,0.9375
gsm8k_1011,L0H3,0,3,24.0625,20.234375,-3.828125
gsm8k_1012,L0H3,0,3,20.328125,11.1875,-9.140625
gsm8k_1013,L0H3,0,3,24.15625,12.8359375,-11.3203125
gsm8k_1014,L0H3,0,3,20.296875,21.421875,1.125
gsm8k_1015,L0H3,0,3,22.171875,24.5625,2.390625
gsm8k_1016,L0H3,0,3,25.125,14.8203125,-10.3046875
gsm8k_1017,L0H3,0,3,10.640625,5.8515625,-4.7890625
gsm8k_1018,L0H3,0,3,22.296875,21.6875,-0.609375
gsm8k_1019,L0H3,0,3,24.234375,16.90625,-7.328125
gsm8k_1020,L0H3,0,3,20.4375,24.078125,3.640625
gsm8k_1021,L0H3,0,3,23.765625,22.0,-1.765625
gsm8k_1022,L0H3,0,3,22.984375,18.46875,-4.515625
gsm8k_1023,L0H3,0,3,12.046875,17.078125,5.03125
gsm8k_1024,L0H3,0,3,19.1875,24.703125,5.515625
gsm8k_1025,L0H3,0,3,23.6875,21.375,-2.3125
gsm8k_1026,L0H3,0,3,21.75,24.296875,2.546875
gsm8k_1027,L0H3,0,3,25.640625,17.5625,-8.078125
gsm8k_1028,L0H3,0,3,22.390625,7.7109375,-14.6796875
gsm8k_1029,L0H3,0,3,23.953125,23.75,-0.203125
gsm8k_1030,L0H3,0,3,18.203125,17.640625,-0.5625
gsm8k_1031,L0H3,0,3,24.65625,20.921875,-3.734375
gsm8k_1032,L0H3,0,3,25.40625,20.859375,-4.546875
gsm8k_1033,L0H3,0,3,8.9296875,24.390625,15.4609375
gsm8k_1034,L0H3,0,3,25.71875,19.296875,-6.421875
gsm8k_1035,L0H3,0,3,25.734375,23.125,-2.609375
gsm8k_1036,L0H3,0,3,7.8671875,28.5625,20.6953125
gsm8k_1037,L0H3,0,3,24.140625,21.109375,-3.03125
gsm8k_1038,L0H3,0,3,23.5625,17.703125,-5.859375
gsm8k_1039,L0H3,0,3,22.828125,16.40625,-6.421875
gsm8k_1040,L0H3,0,3,24.359375,24.3125,-0.046875
gsm8k_1041,L0H3,0,3,16.109375,15.9921875,-0.1171875
gsm8k_1042,L0H3,0,3,11.046875,12.7109375,1.6640625
gsm8k_1043,L0H3,0,3,23.625,21.390625,-2.234375
gsm8k_1044,L0H3,0,3,24.484375,21.484375,-3.0
gsm8k_1045,L0H3,0,3,22.296875,17.734375,-4.5625
gsm8k_1046,L0H3,0,3,23.859375,22.25,-1.609375
gsm8k_1047,L0H3,0,3,22.1875,18.21875,-3.96875
gsm8k_1048,L0H3,0,3,23.640625,11.1015625,-12.5390625
gsm8k_1049,L0H3,0,3,17.296875,19.75,2.453125
gsm8k_1050,L0H3,0,3,20.640625,19.59375,-1.046875
gsm8k_1051,L0H3,0,3,26.125,21.515625,-4.609375
gsm8k_1052,L0H3,0,3,22.546875,17.015625,-5.53125
gsm8k_1053,L0H3,0,3,21.859375,18.84375,-3.015625
gsm8k_1054,L0H3,0,3,13.640625,24.109375,10.46875
gsm8k_1055,L0H3,0,3,22.71875,19.921875,-2.796875
gsm8k_1056,L0H3,0,3,24.578125,14.8046875,-9.7734375
gsm8k_1057,L0H3,0,3,23.0625,18.53125,-4.53125
gsm8k_1058,L0H3,0,3,24.109375,21.25,-2.859375
gsm8k_1059,L0H3,0,3,21.46875,22.9375,1.46875
gsm8k_1060,L0H3,0,3,22.234375,22.703125,0.46875
gsm8k_1061,L0H3,0,3,23.90625,24.234375,0.328125
gsm8k_1062,L0H3,0,3,10.8203125,19.5,8.6796875
gsm8k_1063,L0H3,0,3,22.640625,14.6484375,-7.9921875
gsm8k_1064,L0H3,0,3,22.8125,19.140625,-3.671875
gsm8k_1065,L0H3,0,3,16.765625,16.234375,-0.53125
gsm8k_1066,L0H3,0,3,20.625,20.921875,0.296875
gsm8k_1067,L0H3,0,3,22.078125,19.984375,-2.09375
gsm8k_1068,L0H3,0,3,22.109375,17.0,-5.109375
gsm8k_1069,L0H3,0,3,23.21875,21.28125,-1.9375
gsm8k_1070,L0H3,0,3,24.921875,17.28125,-7.640625
gsm8k_1071,L0H3,0,3,23.28125,16.984375,-6.296875
gsm8k_1072,L0H3,0,3,23.828125,21.109375,-2.71875
gsm8k_1073,L0H3,0,3,25.53125,25.484375,-0.046875
gsm8k_1074,L0H3,0,3,25.328125,22.875,-2.453125
gsm8k_1075,L0H3,0,3,24.515625,23.84375,-0.671875
gsm8k_1076,L0H3,0,3,16.578125,21.234375,4.65625
gsm8k_1077,L0H3,0,3,23.96875,17.171875,-6.796875
gsm8k_1078,L0H3,0,3,23.78125,19.4375,-4.34375
gsm8k_1079,L0H3,0,3,23.3125,20.125,-3.1875
gsm8k_1080,L0H3,0,3,21.0625,15.1015625,-5.9609375
gsm8k_1081,L0H3,0,3,17.875,19.296875,1.421875
gsm8k_1082,L0H3,0,3,11.0625,17.921875,6.859375
gsm8k_1083,L0H3,0,3,21.9375,19.859375,-2.078125
gsm8k_1084,L0H3,0,3,25.84375,20.953125,-4.890625
gsm8k_1085,L0H3,0,3,19.34375,17.546875,-1.796875
gsm8k_1086,L0H3,0,3,21.796875,10.7265625,-11.0703125
gsm8k_1087,L0H3,0,3,22.984375,18.859375,-4.125
gsm8k_1088,L0H3,0,3,22.9375,12.96875,-9.96875
gsm8k_1089,L0H3,0,3,24.5,22.84375,-1.65625
gsm8k_1090,L0H3,0,3,24.453125,24.71875,0.265625
gsm8k_1091,L0H3,0,3,18.46875,24.328125,5.859375
gsm8k_1092,L0H3,0,3,21.15625,17.703125,-3.453125
gsm8k_1093,L0H3,0,3,24.03125,16.375,-7.65625
gsm8k_1094,L0H3,0,3,20.265625,14.25,-6.015625
gsm8k_1095,L0H3,0,3,22.890625,24.25,1.359375
gsm8k_1096,L0H3,0,3,23.125,18.828125,-4.296875
gsm8k_1097,L0H3,0,3,23.421875,20.4375,-2.984375
gsm8k_1098,L0H3,0,3,7.578125,18.25,10.671875
gsm8k_1099,L0H3,0,3,25.171875,17.921875,-7.25
gsm8k_1100,L0H3,0,3,24.765625,16.046875,-8.71875
gsm8k_1101,L0H3,0,3,22.59375,15.8828125,-6.7109375
gsm8k_1102,L0H3,0,3,11.1484375,19.265625,8.1171875
gsm8k_1103,L0H3,0,3,10.1953125,19.734375,9.5390625
gsm8k_1104,L0H3,0,3,19.53125,26.0,6.46875
gsm8k_1105,L0H3,0,3,11.34375,18.328125,6.984375
gsm8k_1106,L0H3,0,3,23.328125,18.140625,-5.1875
gsm8k_1107,L0H3,0,3,7.5390625,19.4375,11.8984375
gsm8k_1108,L0H3,0,3,9.2890625,14.0,4.7109375
gsm8k_1109,L0H3,0,3,19.421875,14.21875,-5.203125
gsm8k_1110,L0H3,0,3,24.265625,20.3125,-3.953125
gsm8k_1111,L0H3,0,3,21.078125,17.15625,-3.921875
gsm8k_1112,L0H3,0,3,11.4140625,12.9453125,1.53125
gsm8k_1113,L0H3,0,3,7.96484375,14.75,6.78515625
gsm8k_1114,L0H3,0,3,22.578125,18.546875,-4.03125
gsm8k_1115,L0H3,0,3,17.78125,17.4375,-0.34375
gsm8k_1116,L0H3,0,3,14.7578125,19.25,4.4921875
gsm8k_1117,L0H3,0,3,25.265625,19.890625,-5.375
gsm8k_1118,L0H3,0,3,21.953125,18.140625,-3.8125
gsm8k_1119,L0H3,0,3,23.34375,20.78125,-2.5625
gsm8k_1120,L0H3,0,3,23.453125,19.109375,-4.34375
gsm8k_1121,L0H3,0,3,25.765625,21.59375,-4.171875
gsm8k_1122,L0H3,0,3,24.71875,24.71875,0.0
gsm8k_1123,L0H3,0,3,24.4375,22.78125,-1.65625
gsm8k_1124,L0H3,0,3,23.1875,19.1875,-4.0
gsm8k_1125,L0H3,0,3,22.328125,20.53125,-1.796875
gsm8k_1126,L0H3,0,3,24.625,16.0625,-8.5625
gsm8k_1127,L0H3,0,3,16.53125,18.515625,1.984375
gsm8k_1128,L0H3,0,3,18.65625,18.953125,0.296875
gsm8k_1129,L0H3,0,3,20.984375,19.25,-1.734375
gsm8k_1130,L0H3,0,3,23.875,18.90625,-4.96875
gsm8k_1131,L0H3,0,3,20.5,18.671875,-1.828125
gsm8k_1132,L0H3,0,3,21.578125,17.625,-3.953125
gsm8k_1133,L0H3,0,3,24.09375,20.875,-3.21875
gsm8k_1134,L0H3,0,3,7.4140625,17.203125,9.7890625
gsm8k_1135,L0H3,0,3,20.75,24.609375,3.859375
gsm8k_1136,L0H3,0,3,25.625,24.59375,-1.03125
gsm8k_1137,L0H3,0,3,23.09375,19.53125,-3.5625
gsm8k_1138,L0H3,0,3,19.1875,22.015625,2.828125
gsm8k_1139,L0H3,0,3,24.09375,19.296875,-4.796875
gsm8k_1140,L0H3,0,3,24.015625,18.890625,-5.125
gsm8k_1141,L0H3,0,3,23.203125,19.140625,-4.0625
gsm8k_1142,L0H3,0,3,23.40625,19.328125,-4.078125
gsm8k_1143,L0H3,0,3,18.21875,25.046875,6.828125
gsm8k_1144,L0H3,0,3,23.265625,21.03125,-2.234375
gsm8k_1145,L0H3,0,3,22.640625,17.765625,-4.875
gsm8k_1146,L0H3,0,3,23.828125,14.4140625,-9.4140625
gsm8k_1147,L0H3,0,3,25.03125,11.5625,-13.46875
gsm8k_1148,L0H3,0,3,21.59375,20.734375,-0.859375
gsm8k_1149,L0H3,0,3,19.65625,19.296875,-0.359375
gsm8k_1150,L0H3,0,3,17.265625,15.8515625,-1.4140625
gsm8k_1151,L0H3,0,3,23.34375,24.4375,1.09375
gsm8k_1152,L0H3,0,3,21.578125,21.53125,-0.046875
gsm8k_1153,L0H3,0,3,21.796875,17.734375,-4.0625
gsm8k_1154,L0H3,0,3,17.140625,16.375,-0.765625
gsm8k_1155,L0H3,0,3,18.765625,17.390625,-1.375
gsm8k_1156,L0H3,0,3,23.796875,23.8125,0.015625
gsm8k_1157,L0H3,0,3,21.578125,20.703125,-0.875
gsm8k_1158,L0H3,0,3,22.40625,10.375,-12.03125
gsm8k_1159,L0H3,0,3,20.96875,16.6875,-4.28125
gsm8k_1160,L0H3,0,3,24.53125,18.21875,-6.3125
gsm8k_1161,L0H3,0,3,23.328125,19.828125,-3.5
gsm8k_1162,L0H3,0,3,22.3125,16.984375,-5.328125
gsm8k_1163,L0H3,0,3,22.796875,16.609375,-6.1875
gsm8k_1164,L0H3,0,3,19.6875,19.96875,0.28125
gsm8k_1165,L0H3,0,3,22.578125,15.1484375,-7.4296875
gsm8k_1166,L0H3,0,3,22.609375,18.640625,-3.96875
gsm8k_1167,L0H3,0,3,17.734375,22.984375,5.25
gsm8k_1168,L0H3,0,3,22.5,21.453125,-1.046875
gsm8k_1169,L0H3,0,3,23.78125,20.1875,-3.59375
gsm8k_1170,L0H3,0,3,24.265625,16.78125,-7.484375
gsm8k_1171,L0H3,0,3,23.734375,19.078125,-4.65625
gsm8k_1172,L0H3,0,3,23.28125,22.15625,-1.125
gsm8k_1173,L0H3,0,3,22.578125,22.171875,-0.40625
gsm8k_1174,L0H3,0,3,24.015625,18.640625,-5.375
gsm8k_1175,L0H3,0,3,22.65625,20.546875,-2.109375
gsm8k_1176,L0H3,0,3,24.09375,20.015625,-4.078125
gsm8k_1177,L0H3,0,3,22.9375,22.671875,-0.265625
gsm8k_1178,L0H3,0,3,19.484375,20.328125,0.84375
gsm8k_1179,L0H3,0,3,15.2265625,14.59375,-0.6328125
gsm8k_1180,L0H3,0,3,23.21875,20.921875,-2.296875
gsm8k_1181,L0H3,0,3,23.078125,24.0,0.921875
gsm8k_1182,L0H3,0,3,24.421875,22.625,-1.796875
gsm8k_1183,L0H3,0,3,16.234375,10.03125,-6.203125
gsm8k_1184,L0H3,0,3,7.19921875,15.5546875,8.35546875
gsm8k_1185,L0H3,0,3,23.8125,20.671875,-3.140625
gsm8k_1186,L0H3,0,3,16.90625,15.1640625,-1.7421875
gsm8k_1187,L0H3,0,3,24.296875,18.296875,-6.0
gsm8k_1188,L0H3,0,3,20.59375,15.890625,-4.703125
gsm8k_1189,L0H3,0,3,10.0859375,14.703125,4.6171875
gsm8k_1190,L0H3,0,3,25.09375,19.453125,-5.640625
gsm8k_1191,L0H3,0,3,18.765625,24.3125,5.546875
gsm8k_1192,L0H3,0,3,23.828125,17.21875,-6.609375
gsm8k_1193,L0H3,0,3,18.328125,17.140625,-1.1875
gsm8k_1194,L0H3,0,3,19.78125,22.515625,2.734375
gsm8k_1195,L0H3,0,3,22.5,18.15625,-4.34375
gsm8k_1196,L0H3,0,3,8.9140625,21.71875,12.8046875
gsm8k_1197,L0H3,0,3,21.875,22.859375,0.984375
gsm8k_1198,L0H3,0,3,9.390625,18.34375,8.953125
gsm8k_1199,L0H3,0,3,24.484375,17.921875,-6.5625
gsm8k_1200,L0H3,0,3,20.921875,15.484375,-5.4375
gsm8k_1201,L0H3,0,3,22.203125,16.671875,-5.53125
gsm8k_1202,L0H3,0,3,24.109375,22.125,-1.984375
gsm8k_1203,L0H3,0,3,23.078125,22.5,-0.578125
gsm8k_1204,L0H3,0,3,23.1875,21.03125,-2.15625
gsm8k_1205,L0H3,0,3,23.984375,26.609375,2.625
gsm8k_1206,L0H3,0,3,20.9375,11.0234375,-9.9140625
gsm8k_1207,L0H3,0,3,14.3359375,19.5625,5.2265625
gsm8k_1208,L0H3,0,3,23.40625,21.84375,-1.5625
gsm8k_1209,L0H3,0,3,21.125,15.8671875,-5.2578125
gsm8k_1210,L0H3,0,3,7.609375,18.546875,10.9375
gsm8k_1211,L0H3,0,3,24.96875,24.03125,-0.9375
gsm8k_1212,L0H3,0,3,23.90625,16.765625,-7.140625
gsm8k_1213,L0H3,0,3,23.53125,20.84375,-2.6875
gsm8k_1214,L0H3,0,3,8.578125,16.453125,7.875
gsm8k_1215,L0H3,0,3,23.0625,21.125,-1.9375
gsm8k_1216,L0H3,0,3,22.65625,17.09375,-5.5625
gsm8k_1217,L0H3,0,3,25.5625,14.359375,-11.203125
gsm8k_1218,L0H3,0,3,25.125,22.15625,-2.96875
gsm8k_1219,L0H3,0,3,15.8046875,23.9375,8.1328125
gsm8k_1220,L0H3,0,3,25.03125,20.640625,-4.390625
gsm8k_1221,L0H3,0,3,22.578125,15.34375,-7.234375
gsm8k_1222,L0H3,0,3,8.3984375,16.78125,8.3828125
gsm8k_1223,L0H3,0,3,23.25,18.984375,-4.265625
gsm8k_1224,L0H3,0,3,21.84375,12.4921875,-9.3515625
gsm8k_1225,L0H3,0,3,23.8125,19.046875,-4.765625
gsm8k_1226,L0H3,0,3,19.46875,13.9921875,-5.4765625
gsm8k_1227,L0H3,0,3,26.15625,24.53125,-1.625
gsm8k_1228,L0H3,0,3,16.671875,15.9140625,-0.7578125
gsm8k_1229,L0H3,0,3,23.8125,21.90625,-1.90625
gsm8k_1230,L0H3,0,3,19.890625,21.375,1.484375
gsm8k_1231,L0H3,0,3,22.265625,20.65625,-1.609375
gsm8k_1232,L0H3,0,3,20.5,17.203125,-3.296875
gsm8k_1233,L0H3,0,3,25.140625,20.875,-4.265625
gsm8k_1234,L0H3,0,3,24.484375,20.0625,-4.421875
gsm8k_1235,L0H3,0,3,22.671875,21.421875,-1.25
gsm8k_1236,L0H3,0,3,22.84375,17.125,-5.71875
gsm8k_1237,L0H3,0,3,23.390625,15.828125,-7.5625
gsm8k_1238,L0H3,0,3,13.1796875,23.078125,9.8984375
gsm8k_1239,L0H3,0,3,24.46875,16.484375,-7.984375
gsm8k_1240,L0H3,0,3,24.5625,17.515625,-7.046875
gsm8k_1241,L0H3,0,3,23.484375,20.96875,-2.515625
gsm8k_1242,L0H3,0,3,23.203125,21.4375,-1.765625
gsm8k_1243,L0H3,0,3,9.8359375,17.609375,7.7734375
gsm8k_1244,L0H3,0,3,23.890625,21.375,-2.515625
gsm8k_1245,L0H3,0,3,23.0625,23.828125,0.765625
gsm8k_1246,L0H3,0,3,22.265625,25.734375,3.46875
gsm8k_1247,L0H3,0,3,19.265625,18.90625,-0.359375
gsm8k_1248,L0H3,0,3,20.78125,11.8046875,-8.9765625
gsm8k_1249,L0H3,0,3,23.5,20.109375,-3.390625
gsm8k_1250,L0H3,0,3,7.24609375,18.96875,11.72265625
gsm8k_1251,L0H3,0,3,7.89453125,12.9609375,5.06640625
gsm8k_1252,L0H3,0,3,23.296875,23.84375,0.546875
gsm8k_1253,L0H3,0,3,22.671875,23.203125,0.53125
gsm8k_1254,L0H3,0,3,22.859375,22.171875,-0.6875
gsm8k_1255,L0H3,0,3,22.3125,18.703125,-3.609375
gsm8k_1256,L0H3,0,3,24.3125,21.71875,-2.59375
gsm8k_1257,L0H3,0,3,13.125,21.484375,8.359375
gsm8k_1258,L0H3,0,3,22.6875,20.984375,-1.703125
gsm8k_1259,L0H3,0,3,18.875,22.421875,3.546875
gsm8k_1260,L0H3,0,3,9.2421875,16.953125,7.7109375
gsm8k_1261,L0H3,0,3,19.28125,26.390625,7.109375
gsm8k_1262,L0H3,0,3,9.515625,16.046875,6.53125
gsm8k_1263,L0H3,0,3,21.921875,20.109375,-1.8125
gsm8k_1264,L0H3,0,3,23.546875,18.953125,-4.59375
gsm8k_1265,L0H3,0,3,24.09375,18.28125,-5.8125
gsm8k_1266,L0H3,0,3,8.5234375,15.3671875,6.84375
gsm8k_1267,L0H3,0,3,24.265625,21.71875,-2.546875
gsm8k_1268,L0H3,0,3,22.671875,23.703125,1.03125
gsm8k_1269,L0H3,0,3,23.828125,21.1875,-2.640625
gsm8k_1270,L0H3,0,3,24.21875,16.84375,-7.375
gsm8k_1271,L0H3,0,3,22.828125,24.5,1.671875
gsm8k_1272,L0H3,0,3,22.1875,15.5859375,-6.6015625
gsm8k_1273,L0H3,0,3,22.5,19.96875,-2.53125
gsm8k_1274,L0H3,0,3,18.25,17.84375,-0.40625
gsm8k_1275,L0H3,0,3,16.546875,19.296875,2.75
gsm8k_1276,L0H3,0,3,22.9375,20.5625,-2.375
gsm8k_1277,L0H3,0,3,18.921875,18.234375,-0.6875
gsm8k_1278,L0H3,0,3,22.046875,16.875,-5.171875
gsm8k_1279,L0H3,0,3,18.296875,17.453125,-0.84375
gsm8k_1280,L0H3,0,3,24.40625,15.171875,-9.234375
gsm8k_1281,L0H3,0,3,20.859375,22.453125,1.59375
gsm8k_1282,L0H3,0,3,20.078125,16.75,-3.328125
gsm8k_1283,L0H3,0,3,19.953125,19.765625,-0.1875
gsm8k_1284,L0H3,0,3,23.015625,22.703125,-0.3125
gsm8k_1285,L0H3,0,3,23.640625,13.6796875,-9.9609375
gsm8k_1286,L0H3,0,3,15.3984375,18.046875,2.6484375
gsm8k_1287,L0H3,0,3,23.390625,22.921875,-0.46875
gsm8k_1288,L0H3,0,3,26.046875,18.515625,-7.53125
gsm8k_1289,L0H3,0,3,16.9375,16.96875,0.03125
gsm8k_1290,L0H3,0,3,17.96875,21.5625,3.59375
gsm8k_1291,L0H3,0,3,24.515625,24.8125,0.296875
gsm8k_1292,L0H3,0,3,24.46875,20.8125,-3.65625
gsm8k_1293,L0H3,0,3,19.125,13.5234375,-5.6015625
gsm8k_1294,L0H3,0,3,9.734375,16.0,6.265625
gsm8k_1295,L0H3,0,3,23.453125,17.890625,-5.5625
gsm8k_1296,L0H3,0,3,20.171875,19.9375,-0.234375
gsm8k_1297,L0H3,0,3,23.015625,18.359375,-4.65625
gsm8k_1298,L0H3,0,3,8.453125,12.1796875,3.7265625
gsm8k_1299,L0H3,0,3,22.125,10.359375,-11.765625
gsm8k_1300,L0H3,0,3,20.109375,22.84375,2.734375
gsm8k_1301,L0H3,0,3,19.453125,11.4453125,-8.0078125
gsm8k_1302,L0H3,0,3,22.8125,20.171875,-2.640625
gsm8k_1303,L0H3,0,3,24.140625,18.625,-5.515625
gsm8k_1304,L0H3,0,3,21.859375,8.8515625,-13.0078125
gsm8k_1305,L0H3,0,3,24.03125,19.875,-4.15625
gsm8k_1306,L0H3,0,3,22.71875,18.046875,-4.671875
gsm8k_1307,L0H3,0,3,16.78125,14.5078125,-2.2734375
gsm8k_1308,L0H3,0,3,18.265625,24.46875,6.203125
gsm8k_1309,L0H3,0,3,24.109375,21.5625,-2.546875
gsm8k_1310,L0H3,0,3,23.984375,21.140625,-2.84375
gsm8k_1311,L0H3,0,3,22.265625,17.796875,-4.46875
gsm8k_1312,L0H3,0,3,19.671875,20.234375,0.5625
gsm8k_1313,L0H3,0,3,8.015625,20.453125,12.4375
gsm8k_1314,L0H3,0,3,22.15625,12.8984375,-9.2578125
gsm8k_1315,L0H3,0,3,22.921875,21.328125,-1.59375
gsm8k_1316,L0H3,0,3,22.5,21.65625,-0.84375
gsm8k_1317,L0H3,0,3,19.203125,18.171875,-1.03125
gsm8k_1318,L0H3,0,3,18.0625,19.0,0.9375
