{"id": "arithmetic_sum","question": "An arithmetic sequence has first term 2 and common difference 3. Find the sum of its first 10 terms.","correct_answer": "155","wrong_answer": "145"}
head_label,layer_idx,head_idx,count,mean_logit_baseline_wait,mean_logit_ablated_wait,mean_delta_ablated_minus_baseline,mean_abs_delta,max_abs_delta
L0H22,0,22,1,27.40625,6.3125,-21.09375,21.09375,21.09375
L34H1,34,1,1,27.40625,29.890625,2.484375,2.484375,2.484375
L34H14,34,14,1,27.40625,24.921875,-2.484375,2.484375,2.484375
L33H29,33,29,1,27.40625,29.8125,2.40625,2.40625,2.40625
L19H20,19,20,1,27.40625,29.328125,1.921875,1.921875,1.921875
L22H18,22,18,1,27.40625,29.296875,1.890625,1.890625,1.890625
L20H7,20,7,1,27.40625,25.5625,-1.84375,1.84375,1.84375
L20H9,20,9,1,27.40625,25.578125,-1.828125,1.828125,1.828125
L22H12,22,12,1,27.40625,25.625,-1.78125,1.78125,1.78125
L15H9,15,9,1,27.40625,25.703125,-1.703125,1.703125,1.703125
L14H30,14,30,1,27.40625,25.84375,-1.5625,1.5625,1.5625
L21H13,21,13,1,27.40625,28.84375,1.4375,1.4375,1.4375
L22H16,22,16,1,27.40625,26.015625,-1.390625,1.390625,1.390625
L22H15,22,15,1,27.40625,26.03125,-1.375,1.375,1.375
L21H2,21,2,1,27.40625,26.078125,-1.328125,1.328125,1.328125
L15H16,15,16,1,27.40625,26.09375,-1.3125,1.3125,1.3125
L21H12,21,12,1,27.40625,26.140625,-1.265625,1.265625,1.265625
L35H0,35,0,1,27.40625,26.203125,-1.203125,1.203125,1.203125
L17H18,17,18,1,27.40625,26.21875,-1.1875,1.1875,1.1875
L19H15,19,15,1,27.40625,26.21875,-1.1875,1.1875,1.1875
L15H5,15,5,1,27.40625,26.25,-1.15625,1.15625,1.15625
L14H5,14,5,1,27.40625,26.265625,-1.140625,1.140625,1.140625
L28H23,28,23,1,27.40625,26.28125,-1.125,1.125,1.125
L16H26,16,26,1,27.40625,26.3125,-1.09375,1.09375,1.09375
L17H24,17,24,1,27.40625,28.46875,1.0625,1.0625,1.0625
L13H23,13,23,1,27.40625,28.46875,1.0625,1.0625,1.0625
L19H18,19,18,1,27.40625,28.4375,1.03125,1.03125,1.03125
L29H9,29,9,1,27.40625,28.40625,1.0,1.0,1.0
L17H7,17,7,1,27.40625,28.40625,1.0,1.0,1.0
L25H1,25,1,1,27.40625,28.375,0.96875,0.96875,0.96875
L21H11,21,11,1,27.40625,26.46875,-0.9375,0.9375,0.9375
L22H6,22,6,1,27.40625,28.328125,0.921875,0.921875,0.921875
L20H4,20,4,1,27.40625,26.546875,-0.859375,0.859375,0.859375
L22H26,22,26,1,27.40625,26.546875,-0.859375,0.859375,0.859375
L22H8,22,8,1,27.40625,28.25,0.84375,0.84375,0.84375
L20H5,20,5,1,27.40625,28.234375,0.828125,0.828125,0.828125
L15H2,15,2,1,27.40625,26.59375,-0.8125,0.8125,0.8125
L21H14,21,14,1,27.40625,28.21875,0.8125,0.8125,0.8125
L20H19,20,19,1,27.40625,26.609375,-0.796875,0.796875,0.796875
L0H28,0,28,1,27.40625,26.625,-0.78125,0.78125,0.78125
L14H24,14,24,1,27.40625,26.625,-0.78125,0.78125,0.78125
L20H15,20,15,1,27.40625,28.171875,0.765625,0.765625,0.765625
L0H1,0,1,1,27.40625,26.65625,-0.75,0.75,0.75
L18H3,18,3,1,27.40625,28.15625,0.75,0.75,0.75
L0H2,0,2,1,27.40625,28.15625,0.75,0.75,0.75
L17H16,17,16,1,27.40625,26.65625,-0.75,0.75,0.75
L22H13,22,13,1,27.40625,28.15625,0.75,0.75,0.75
L17H12,17,12,1,27.40625,26.671875,-0.734375,0.734375,0.734375
L12H3,12,3,1,27.40625,26.6875,-0.71875,0.71875,0.71875
L17H5,17,5,1,27.40625,28.109375,0.703125,0.703125,0.703125
L23H27,23,27,1,27.40625,28.109375,0.703125,0.703125,0.703125
L21H0,21,0,1,27.40625,28.109375,0.703125,0.703125,0.703125
L14H19,14,19,1,27.40625,26.71875,-0.6875,0.6875,0.6875
L35H15,35,15,1,27.40625,26.71875,-0.6875,0.6875,0.6875
L12H25,12,25,1,27.40625,26.71875,-0.6875,0.6875,0.6875
L20H10,20,10,1,27.40625,28.09375,0.6875,0.6875,0.6875
L21H3,21,3,1,27.40625,28.078125,0.671875,0.671875,0.671875
L25H5,25,5,1,27.40625,26.734375,-0.671875,0.671875,0.671875
L19H13,19,13,1,27.40625,28.0625,0.65625,0.65625,0.65625
L34H20,34,20,1,27.40625,26.75,-0.65625,0.65625,0.65625
L34H29,34,29,1,27.40625,28.0625,0.65625,0.65625,0.65625
L17H25,17,25,1,27.40625,26.765625,-0.640625,0.640625,0.640625
L15H11,15,11,1,27.40625,26.78125,-0.625,0.625,0.625
L5H11,5,11,1,27.40625,26.78125,-0.625,0.625,0.625
L26H5,26,5,1,27.40625,28.03125,0.625,0.625,0.625
L10H22,10,22,1,27.40625,28.015625,0.609375,0.609375,0.609375
L19H17,19,17,1,27.40625,28.015625,0.609375,0.609375,0.609375
L20H1,20,1,1,27.40625,28.015625,0.609375,0.609375,0.609375
L34H15,34,15,1,27.40625,26.8125,-0.59375,0.59375,0.59375
L20H0,20,0,1,27.40625,28.0,0.59375,0.59375,0.59375
L22H10,22,10,1,27.40625,26.8125,-0.59375,0.59375,0.59375
L21H26,21,26,1,27.40625,27.984375,0.578125,0.578125,0.578125
L10H21,10,21,1,27.40625,26.828125,-0.578125,0.578125,0.578125
L33H10,33,10,1,27.40625,27.984375,0.578125,0.578125,0.578125
L15H29,15,29,1,27.40625,26.84375,-0.5625,0.5625,0.5625
L24H2,24,2,1,27.40625,26.84375,-0.5625,0.5625,0.5625
L16H31,16,31,1,27.40625,26.84375,-0.5625,0.5625,0.5625
L12H28,12,28,1,27.40625,26.84375,-0.5625,0.5625,0.5625
L16H8,16,8,1,27.40625,27.96875,0.5625,0.5625,0.5625
L32H0,32,0,1,27.40625,26.84375,-0.5625,0.5625,0.5625
L1H4,1,4,1,27.40625,26.859375,-0.546875,0.546875,0.546875
L13H16,13,16,1,27.40625,26.859375,-0.546875,0.546875,0.546875
L14H20,14,20,1,27.40625,26.859375,-0.546875,0.546875,0.546875
L14H14,14,14,1,27.40625,26.859375,-0.546875,0.546875,0.546875
L16H3,16,3,1,27.40625,26.859375,-0.546875,0.546875,0.546875
L29H19,29,19,1,27.40625,27.953125,0.546875,0.546875,0.546875
L0H26,0,26,1,27.40625,26.875,-0.53125,0.53125,0.53125
L15H31,15,31,1,27.40625,26.875,-0.53125,0.53125,0.53125
L21H1,21,1,1,27.40625,27.9375,0.53125,0.53125,0.53125
L19H22,19,22,1,27.40625,26.890625,-0.515625,0.515625,0.515625
L34H9,34,9,1,27.40625,26.890625,-0.515625,0.515625,0.515625
L35H25,35,25,1,27.40625,26.890625,-0.515625,0.515625,0.515625
L12H17,12,17,1,27.40625,26.90625,-0.5,0.5,0.5
L18H14,18,14,1,27.40625,26.90625,-0.5,0.5,0.5
L20H13,20,13,1,27.40625,26.90625,-0.5,0.5,0.5
L17H23,17,23,1,27.40625,26.90625,-0.5,0.5,0.5
L30H17,30,17,1,27.40625,26.921875,-0.484375,0.484375,0.484375
L17H31,17,31,1,27.40625,27.890625,0.484375,0.484375,0.484375
L19H26,19,26,1,27.40625,26.921875,-0.484375,0.484375,0.484375
L24H27,24,27,1,27.40625,26.921875,-0.484375,0.484375,0.484375
L23H0,23,0,1,27.40625,27.890625,0.484375,0.484375,0.484375
L0H11,0,11,1,27.40625,26.921875,-0.484375,0.484375,0.484375
L12H7,12,7,1,27.40625,26.9375,-0.46875,0.46875,0.46875
L34H8,34,8,1,27.40625,26.9375,-0.46875,0.46875,0.46875
L19H12,19,12,1,27.40625,26.953125,-0.453125,0.453125,0.453125
L15H10,15,10,1,27.40625,27.859375,0.453125,0.453125,0.453125
L19H7,19,7,1,27.40625,26.953125,-0.453125,0.453125,0.453125
L15H26,15,26,1,27.40625,27.859375,0.453125,0.453125,0.453125
L21H5,21,5,1,27.40625,26.953125,-0.453125,0.453125,0.453125
L16H24,16,24,1,27.40625,27.84375,0.4375,0.4375,0.4375
L19H30,19,30,1,27.40625,26.96875,-0.4375,0.4375,0.4375
L30H7,30,7,1,27.40625,27.84375,0.4375,0.4375,0.4375
L21H10,21,10,1,27.40625,27.84375,0.4375,0.4375,0.4375
L32H17,32,17,1,27.40625,27.84375,0.4375,0.4375,0.4375
L20H8,20,8,1,27.40625,27.828125,0.421875,0.421875,0.421875
L32H29,32,29,1,27.40625,26.984375,-0.421875,0.421875,0.421875
L15H25,15,25,1,27.40625,27.828125,0.421875,0.421875,0.421875
L17H6,17,6,1,27.40625,26.984375,-0.421875,0.421875,0.421875
L17H15,17,15,1,27.40625,26.984375,-0.421875,0.421875,0.421875
L18H1,18,1,1,27.40625,27.828125,0.421875,0.421875,0.421875
L4H2,4,2,1,27.40625,27.828125,0.421875,0.421875,0.421875
L22H11,22,11,1,27.40625,26.984375,-0.421875,0.421875,0.421875
L19H16,19,16,1,27.40625,27.828125,0.421875,0.421875,0.421875
L30H6,30,6,1,27.40625,27.828125,0.421875,0.421875,0.421875
L13H5,13,5,1,27.40625,27.828125,0.421875,0.421875,0.421875
L15H20,15,20,1,27.40625,27.8125,0.40625,0.40625,0.40625
L16H1,16,1,1,27.40625,27.8125,0.40625,0.40625,0.40625
L20H17,20,17,1,27.40625,27.8125,0.40625,0.40625,0.40625
L22H25,22,25,1,27.40625,27.0,-0.40625,0.40625,0.40625
L16H18,16,18,1,27.40625,27.8125,0.40625,0.40625,0.40625
L22H20,22,20,1,27.40625,27.8125,0.40625,0.40625,0.40625
L29H11,29,11,1,27.40625,27.8125,0.40625,0.40625,0.40625
L24H26,24,26,1,27.40625,27.0,-0.40625,0.40625,0.40625
L12H18,12,18,1,27.40625,27.0,-0.40625,0.40625,0.40625
L20H14,20,14,1,27.40625,27.8125,0.40625,0.40625,0.40625
L26H1,26,1,1,27.40625,27.015625,-0.390625,0.390625,0.390625
L24H24,24,24,1,27.40625,27.015625,-0.390625,0.390625,0.390625
L11H21,11,21,1,27.40625,27.015625,-0.390625,0.390625,0.390625
L13H20,13,20,1,27.40625,27.796875,0.390625,0.390625,0.390625
L1H15,1,15,1,27.40625,27.015625,-0.390625,0.390625,0.390625
L18H2,18,2,1,27.40625,27.796875,0.390625,0.390625,0.390625
L17H1,17,1,1,27.40625,27.78125,0.375,0.375,0.375
L19H31,19,31,1,27.40625,27.78125,0.375,0.375,0.375
L18H4,18,4,1,27.40625,27.03125,-0.375,0.375,0.375
L15H0,15,0,1,27.40625,27.78125,0.375,0.375,0.375
L12H1,12,1,1,27.40625,27.03125,-0.375,0.375,0.375
L25H21,25,21,1,27.40625,27.78125,0.375,0.375,0.375
L22H4,22,4,1,27.40625,27.03125,-0.375,0.375,0.375
L16H28,16,28,1,27.40625,27.765625,0.359375,0.359375,0.359375
L23H2,23,2,1,27.40625,27.765625,0.359375,0.359375,0.359375
L32H12,32,12,1,27.40625,27.765625,0.359375,0.359375,0.359375
L17H26,17,26,1,27.40625,27.046875,-0.359375,0.359375,0.359375
L34H13,34,13,1,27.40625,27.046875,-0.359375,0.359375,0.359375
L17H30,17,30,1,27.40625,27.765625,0.359375,0.359375,0.359375
L28H20,28,20,1,27.40625,27.046875,-0.359375,0.359375,0.359375
L32H22,32,22,1,27.40625,27.765625,0.359375,0.359375,0.359375
L23H26,23,26,1,27.40625,27.046875,-0.359375,0.359375,0.359375
L19H21,19,21,1,27.40625,27.75,0.34375,0.34375,0.34375
L18H31,18,31,1,27.40625,27.0625,-0.34375,0.34375,0.34375
L0H30,0,30,1,27.40625,27.0625,-0.34375,0.34375,0.34375
L1H24,1,24,1,27.40625,27.0625,-0.34375,0.34375,0.34375
L23H31,23,31,1,27.40625,27.0625,-0.34375,0.34375,0.34375
L16H15,16,15,1,27.40625,27.734375,0.328125,0.328125,0.328125
L0H9,0,9,1,27.40625,27.734375,0.328125,0.328125,0.328125
L16H9,16,9,1,27.40625,27.734375,0.328125,0.328125,0.328125
L15H7,15,7,1,27.40625,27.734375,0.328125,0.328125,0.328125
L23H3,23,3,1,27.40625,27.734375,0.328125,0.328125,0.328125
L27H1,27,1,1,27.40625,27.734375,0.328125,0.328125,0.328125
L30H4,30,4,1,27.40625,27.078125,-0.328125,0.328125,0.328125
L22H2,22,2,1,27.40625,27.734375,0.328125,0.328125,0.328125
L25H13,25,13,1,27.40625,27.078125,-0.328125,0.328125,0.328125
L14H18,14,18,1,27.40625,27.078125,-0.328125,0.328125,0.328125
L22H5,22,5,1,27.40625,27.078125,-0.328125,0.328125,0.328125
L14H26,14,26,1,27.40625,27.734375,0.328125,0.328125,0.328125
L25H6,25,6,1,27.40625,27.09375,-0.3125,0.3125,0.3125
L0H18,0,18,1,27.40625,27.09375,-0.3125,0.3125,0.3125
L9H0,9,0,1,27.40625,27.09375,-0.3125,0.3125,0.3125
L20H18,20,18,1,27.40625,27.09375,-0.3125,0.3125,0.3125
L21H31,21,31,1,27.40625,27.71875,0.3125,0.3125,0.3125
L24H25,24,25,1,27.40625,27.09375,-0.3125,0.3125,0.3125
L11H3,11,3,1,27.40625,27.09375,-0.3125,0.3125,0.3125
L16H13,16,13,1,27.40625,27.09375,-0.3125,0.3125,0.3125
L30H9,30,9,1,27.40625,27.71875,0.3125,0.3125,0.3125
L23H7,23,7,1,27.40625,27.109375,-0.296875,0.296875,0.296875
L19H3,19,3,1,27.40625,27.703125,0.296875,0.296875,0.296875
L28H3,28,3,1,27.40625,27.703125,0.296875,0.296875,0.296875
L16H17,16,17,1,27.40625,27.109375,-0.296875,0.296875,0.296875
L4H3,4,3,1,27.40625,27.125,-0.28125,0.28125,0.28125
L18H23,18,23,1,27.40625,27.6875,0.28125,0.28125,0.28125
L13H6,13,6,1,27.40625,27.125,-0.28125,0.28125,0.28125
L20H16,20,16,1,27.40625,27.6875,0.28125,0.28125,0.28125
L21H4,21,4,1,27.40625,27.125,-0.28125,0.28125,0.28125
L27H10,27,10,1,27.40625,27.125,-0.28125,0.28125,0.28125
L34H11,34,11,1,27.40625,27.125,-0.28125,0.28125,0.28125
L11H30,11,30,1,27.40625,27.125,-0.28125,0.28125,0.28125
L16H5,16,5,1,27.40625,27.125,-0.28125,0.28125,0.28125
L14H27,14,27,1,27.40625,27.6875,0.28125,0.28125,0.28125
L22H14,22,14,1,27.40625,27.6875,0.28125,0.28125,0.28125
L13H0,13,0,1,27.40625,27.125,-0.28125,0.28125,0.28125
L4H31,4,31,1,27.40625,27.6875,0.28125,0.28125,0.28125
L21H27,21,27,1,27.40625,27.125,-0.28125,0.28125,0.28125
L12H26,12,26,1,27.40625,27.140625,-0.265625,0.265625,0.265625
L17H28,17,28,1,27.40625,27.140625,-0.265625,0.265625,0.265625
L21H8,21,8,1,27.40625,27.140625,-0.265625,0.265625,0.265625
L6H6,6,6,1,27.40625,27.140625,-0.265625,0.265625,0.265625
L27H0,27,0,1,27.40625,27.671875,0.265625,0.265625,0.265625
L12H20,12,20,1,27.40625,27.671875,0.265625,0.265625,0.265625
L33H5,33,5,1,27.40625,27.140625,-0.265625,0.265625,0.265625
L30H16,30,16,1,27.40625,27.140625,-0.265625,0.265625,0.265625
L18H12,18,12,1,27.40625,27.140625,-0.265625,0.265625,0.265625
L22H19,22,19,1,27.40625,27.671875,0.265625,0.265625,0.265625
L22H23,22,23,1,27.40625,27.671875,0.265625,0.265625,0.265625
L17H29,17,29,1,27.40625,27.140625,-0.265625,0.265625,0.265625
L34H16,34,16,1,27.40625,27.671875,0.265625,0.265625,0.265625
L1H13,1,13,1,27.40625,27.15625,-0.25,0.25,0.25
L0H17,0,17,1,27.40625,27.15625,-0.25,0.25,0.25
L12H29,12,29,1,27.40625,27.65625,0.25,0.25,0.25
L34H0,34,0,1,27.40625,27.15625,-0.25,0.25,0.25
L0H10,0,10,1,27.40625,27.65625,0.25,0.25,0.25
L3H4,3,4,1,27.40625,27.15625,-0.25,0.25,0.25
L14H3,14,3,1,27.40625,27.65625,0.25,0.25,0.25
L18H10,18,10,1,27.40625,27.65625,0.25,0.25,0.25
L19H14,19,14,1,27.40625,27.65625,0.25,0.25,0.25
L14H15,14,15,1,27.40625,27.65625,0.25,0.25,0.25
L16H23,16,23,1,27.40625,27.15625,-0.25,0.25,0.25
L23H24,23,24,1,27.40625,27.15625,-0.25,0.25,0.25
L34H23,34,23,1,27.40625,27.15625,-0.25,0.25,0.25
L11H11,11,11,1,27.40625,27.15625,-0.25,0.25,0.25
L13H19,13,19,1,27.40625,27.65625,0.25,0.25,0.25
L31H19,31,19,1,27.40625,27.15625,-0.25,0.25,0.25
L0H16,0,16,1,27.40625,27.15625,-0.25,0.25,0.25
L10H2,10,2,1,27.40625,27.15625,-0.25,0.25,0.25
L15H22,15,22,1,27.40625,27.65625,0.25,0.25,0.25
L17H21,17,21,1,27.40625,27.15625,-0.25,0.25,0.25
L21H23,21,23,1,27.40625,27.15625,-0.25,0.25,0.25
L22H9,22,9,1,27.40625,27.15625,-0.25,0.25,0.25
L0H24,0,24,1,27.40625,27.65625,0.25,0.25,0.25
L10H10,10,10,1,27.40625,27.65625,0.25,0.25,0.25
L19H28,19,28,1,27.40625,27.15625,-0.25,0.25,0.25
L30H0,30,0,1,27.40625,27.15625,-0.25,0.25,0.25
L33H30,33,30,1,27.40625,27.15625,-0.25,0.25,0.25
L13H21,13,21,1,27.40625,27.171875,-0.234375,0.234375,0.234375
L29H22,29,22,1,27.40625,27.171875,-0.234375,0.234375,0.234375
L32H25,32,25,1,27.40625,27.171875,-0.234375,0.234375,0.234375
L6H15,6,15,1,27.40625,27.640625,0.234375,0.234375,0.234375
L15H6,15,6,1,27.40625,27.640625,0.234375,0.234375,0.234375
L23H29,23,29,1,27.40625,27.640625,0.234375,0.234375,0.234375
L29H17,29,17,1,27.40625,27.171875,-0.234375,0.234375,0.234375
L25H9,25,9,1,27.40625,27.640625,0.234375,0.234375,0.234375
L32H28,32,28,1,27.40625,27.171875,-0.234375,0.234375,0.234375
L4H8,4,8,1,27.40625,27.171875,-0.234375,0.234375,0.234375
L5H30,5,30,1,27.40625,27.171875,-0.234375,0.234375,0.234375
L23H12,23,12,1,27.40625,27.171875,-0.234375,0.234375,0.234375
L31H17,31,17,1,27.40625,27.171875,-0.234375,0.234375,0.234375
L32H3,32,3,1,27.40625,27.640625,0.234375,0.234375,0.234375
L17H27,17,27,1,27.40625,27.171875,-0.234375,0.234375,0.234375
L35H8,35,8,1,27.40625,27.171875,-0.234375,0.234375,0.234375
L30H1,30,1,1,27.40625,27.171875,-0.234375,0.234375,0.234375
L0H20,0,20,1,27.40625,27.640625,0.234375,0.234375,0.234375
L5H13,5,13,1,27.40625,27.171875,-0.234375,0.234375,0.234375
L9H2,9,2,1,27.40625,27.171875,-0.234375,0.234375,0.234375
L5H26,5,26,1,27.40625,27.171875,-0.234375,0.234375,0.234375
L16H25,16,25,1,27.40625,27.171875,-0.234375,0.234375,0.234375
L18H15,18,15,1,27.40625,27.640625,0.234375,0.234375,0.234375
L30H27,30,27,1,27.40625,27.640625,0.234375,0.234375,0.234375
L14H7,14,7,1,27.40625,27.625,0.21875,0.21875,0.21875
L14H11,14,11,1,27.40625,27.1875,-0.21875,0.21875,0.21875
L17H4,17,4,1,27.40625,27.1875,-0.21875,0.21875,0.21875
L26H4,26,4,1,27.40625,27.1875,-0.21875,0.21875,0.21875
L22H17,22,17,1,27.40625,27.1875,-0.21875,0.21875,0.21875
L20H3,20,3,1,27.40625,27.1875,-0.21875,0.21875,0.21875
L8H26,8,26,1,27.40625,27.1875,-0.21875,0.21875,0.21875
L20H29,20,29,1,27.40625,27.625,0.21875,0.21875,0.21875
L4H5,4,5,1,27.40625,27.1875,-0.21875,0.21875,0.21875
L18H20,18,20,1,27.40625,27.1875,-0.21875,0.21875,0.21875
L23H22,23,22,1,27.40625,27.625,0.21875,0.21875,0.21875
L26H2,26,2,1,27.40625,27.625,0.21875,0.21875,0.21875
L29H14,29,14,1,27.40625,27.625,0.21875,0.21875,0.21875
L1H18,1,18,1,27.40625,27.203125,-0.203125,0.203125,0.203125
L22H21,22,21,1,27.40625,27.203125,-0.203125,0.203125,0.203125
L27H14,27,14,1,27.40625,27.203125,-0.203125,0.203125,0.203125
L29H4,29,4,1,27.40625,27.609375,0.203125,0.203125,0.203125
L7H19,7,19,1,27.40625,27.203125,-0.203125,0.203125,0.203125
L10H4,10,4,1,27.40625,27.609375,0.203125,0.203125,0.203125
L13H7,13,7,1,27.40625,27.203125,-0.203125,0.203125,0.203125
L17H14,17,14,1,27.40625,27.609375,0.203125,0.203125,0.203125
L20H26,20,26,1,27.40625,27.609375,0.203125,0.203125,0.203125
L21H30,21,30,1,27.40625,27.203125,-0.203125,0.203125,0.203125
L30H21,30,21,1,27.40625,27.609375,0.203125,0.203125,0.203125
L31H16,31,16,1,27.40625,27.203125,-0.203125,0.203125,0.203125
L30H2,30,2,1,27.40625,27.609375,0.203125,0.203125,0.203125
L8H15,8,15,1,27.40625,27.609375,0.203125,0.203125,0.203125
L13H29,13,29,1,27.40625,27.609375,0.203125,0.203125,0.203125
L24H10,24,10,1,27.40625,27.203125,-0.203125,0.203125,0.203125
L33H1,33,1,1,27.40625,27.609375,0.203125,0.203125,0.203125
L7H22,7,22,1,27.40625,27.609375,0.203125,0.203125,0.203125
L21H6,21,6,1,27.40625,27.203125,-0.203125,0.203125,0.203125
L25H4,25,4,1,27.40625,27.609375,0.203125,0.203125,0.203125
L7H26,7,26,1,27.40625,27.203125,-0.203125,0.203125,0.203125
L26H3,26,3,1,27.40625,27.203125,-0.203125,0.203125,0.203125
L10H6,10,6,1,27.40625,27.203125,-0.203125,0.203125,0.203125
L13H18,13,18,1,27.40625,27.203125,-0.203125,0.203125,0.203125
L16H12,16,12,1,27.40625,27.203125,-0.203125,0.203125,0.203125
L6H12,6,12,1,27.40625,27.609375,0.203125,0.203125,0.203125
L9H6,9,6,1,27.40625,27.609375,0.203125,0.203125,0.203125
L2H13,2,13,1,27.40625,27.21875,-0.1875,0.1875,0.1875
L34H10,34,10,1,27.40625,27.21875,-0.1875,0.1875,0.1875
L24H5,24,5,1,27.40625,27.59375,0.1875,0.1875,0.1875
L7H2,7,2,1,27.40625,27.21875,-0.1875,0.1875,0.1875
L31H26,31,26,1,27.40625,27.21875,-0.1875,0.1875,0.1875
L1H17,1,17,1,27.40625,27.21875,-0.1875,0.1875,0.1875
L6H28,6,28,1,27.40625,27.59375,0.1875,0.1875,0.1875
L12H16,12,16,1,27.40625,27.21875,-0.1875,0.1875,0.1875
L16H14,16,14,1,27.40625,27.21875,-0.1875,0.1875,0.1875
L15H27,15,27,1,27.40625,27.59375,0.1875,0.1875,0.1875
L0H7,0,7,1,27.40625,27.21875,-0.1875,0.1875,0.1875
L7H8,7,8,1,27.40625,27.21875,-0.1875,0.1875,0.1875
L19H2,19,2,1,27.40625,27.59375,0.1875,0.1875,0.1875
L30H19,30,19,1,27.40625,27.21875,-0.1875,0.1875,0.1875
L35H3,35,3,1,27.40625,27.21875,-0.1875,0.1875,0.1875
L3H23,3,23,1,27.40625,27.21875,-0.1875,0.1875,0.1875
L31H18,31,18,1,27.40625,27.21875,-0.1875,0.1875,0.1875
L1H19,1,19,1,27.40625,27.21875,-0.1875,0.1875,0.1875
L10H1,10,1,1,27.40625,27.59375,0.1875,0.1875,0.1875
L10H19,10,19,1,27.40625,27.21875,-0.1875,0.1875,0.1875
L12H0,12,0,1,27.40625,27.59375,0.1875,0.1875,0.1875
L32H8,32,8,1,27.40625,27.59375,0.1875,0.1875,0.1875
L33H21,33,21,1,27.40625,27.21875,-0.1875,0.1875,0.1875
L5H16,5,16,1,27.40625,27.234375,-0.171875,0.171875,0.171875
L7H24,7,24,1,27.40625,27.234375,-0.171875,0.171875,0.171875
L8H28,8,28,1,27.40625,27.578125,0.171875,0.171875,0.171875
L11H4,11,4,1,27.40625,27.234375,-0.171875,0.171875,0.171875
L31H30,31,30,1,27.40625,27.234375,-0.171875,0.171875,0.171875
L35H1,35,1,1,27.40625,27.234375,-0.171875,0.171875,0.171875
L7H10,7,10,1,27.40625,27.234375,-0.171875,0.171875,0.171875
L16H10,16,10,1,27.40625,27.234375,-0.171875,0.171875,0.171875
L22H7,22,7,1,27.40625,27.234375,-0.171875,0.171875,0.171875
L25H19,25,19,1,27.40625,27.234375,-0.171875,0.171875,0.171875
L23H28,23,28,1,27.40625,27.234375,-0.171875,0.171875,0.171875
L16H29,16,29,1,27.40625,27.234375,-0.171875,0.171875,0.171875
L18H28,18,28,1,27.40625,27.578125,0.171875,0.171875,0.171875
L29H18,29,18,1,27.40625,27.578125,0.171875,0.171875,0.171875
L2H3,2,3,1,27.40625,27.578125,0.171875,0.171875,0.171875
L8H9,8,9,1,27.40625,27.234375,-0.171875,0.171875,0.171875
L10H8,10,8,1,27.40625,27.578125,0.171875,0.171875,0.171875
L23H15,23,15,1,27.40625,27.578125,0.171875,0.171875,0.171875
L32H15,32,15,1,27.40625,27.234375,-0.171875,0.171875,0.171875
L9H21,9,21,1,27.40625,27.578125,0.171875,0.171875,0.171875
L17H8,17,8,1,27.40625,27.578125,0.171875,0.171875,0.171875
L23H23,23,23,1,27.40625,27.234375,-0.171875,0.171875,0.171875
L33H27,33,27,1,27.40625,27.234375,-0.171875,0.171875,0.171875
L35H17,35,17,1,27.40625,27.578125,0.171875,0.171875,0.171875
L0H25,0,25,1,27.40625,27.234375,-0.171875,0.171875,0.171875
L33H4,33,4,1,27.40625,27.234375,-0.171875,0.171875,0.171875
L6H17,6,17,1,27.40625,27.578125,0.171875,0.171875,0.171875
L7H30,7,30,1,27.40625,27.234375,-0.171875,0.171875,0.171875
L9H20,9,20,1,27.40625,27.234375,-0.171875,0.171875,0.171875
L23H4,23,4,1,27.40625,27.234375,-0.171875,0.171875,0.171875
L33H26,33,26,1,27.40625,27.234375,-0.171875,0.171875,0.171875
L34H21,34,21,1,27.40625,27.234375,-0.171875,0.171875,0.171875
L0H15,0,15,1,27.40625,27.578125,0.171875,0.171875,0.171875
L19H10,19,10,1,27.40625,27.234375,-0.171875,0.171875,0.171875
L19H19,19,19,1,27.40625,27.234375,-0.171875,0.171875,0.171875
L21H9,21,9,1,27.40625,27.234375,-0.171875,0.171875,0.171875
L32H26,32,26,1,27.40625,27.578125,0.171875,0.171875,0.171875
L35H29,35,29,1,27.40625,27.234375,-0.171875,0.171875,0.171875
L9H27,9,27,1,27.40625,27.5625,0.15625,0.15625,0.15625
L16H19,16,19,1,27.40625,27.25,-0.15625,0.15625,0.15625
L19H4,19,4,1,27.40625,27.25,-0.15625,0.15625,0.15625
L23H11,23,11,1,27.40625,27.25,-0.15625,0.15625,0.15625
L30H3,30,3,1,27.40625,27.5625,0.15625,0.15625,0.15625
L22H24,22,24,1,27.40625,27.25,-0.15625,0.15625,0.15625
L10H14,10,14,1,27.40625,27.25,-0.15625,0.15625,0.15625
L14H12,14,12,1,27.40625,27.25,-0.15625,0.15625,0.15625
L16H2,16,2,1,27.40625,27.25,-0.15625,0.15625,0.15625
L25H29,25,29,1,27.40625,27.25,-0.15625,0.15625,0.15625
L0H31,0,31,1,27.40625,27.25,-0.15625,0.15625,0.15625
L15H1,15,1,1,27.40625,27.5625,0.15625,0.15625,0.15625
L27H4,27,4,1,27.40625,27.5625,0.15625,0.15625,0.15625
L35H27,35,27,1,27.40625,27.5625,0.15625,0.15625,0.15625
L1H16,1,16,1,27.40625,27.25,-0.15625,0.15625,0.15625
L13H10,13,10,1,27.40625,27.25,-0.15625,0.15625,0.15625
L18H30,18,30,1,27.40625,27.5625,0.15625,0.15625,0.15625
L20H11,20,11,1,27.40625,27.5625,0.15625,0.15625,0.15625
L23H5,23,5,1,27.40625,27.5625,0.15625,0.15625,0.15625
L27H3,27,3,1,27.40625,27.5625,0.15625,0.15625,0.15625
L31H10,31,10,1,27.40625,27.5625,0.15625,0.15625,0.15625
L10H11,10,11,1,27.40625,27.25,-0.15625,0.15625,0.15625
L14H9,14,9,1,27.40625,27.25,-0.15625,0.15625,0.15625
L19H11,19,11,1,27.40625,27.25,-0.15625,0.15625,0.15625
L19H29,19,29,1,27.40625,27.5625,0.15625,0.15625,0.15625
L20H6,20,6,1,27.40625,27.5625,0.15625,0.15625,0.15625
L34H17,34,17,1,27.40625,27.25,-0.15625,0.15625,0.15625
L2H28,2,28,1,27.40625,27.25,-0.15625,0.15625,0.15625
L14H22,14,22,1,27.40625,27.5625,0.15625,0.15625,0.15625
L18H29,18,29,1,27.40625,27.25,-0.15625,0.15625,0.15625
L26H7,26,7,1,27.40625,27.25,-0.15625,0.15625,0.15625
L17H20,17,20,1,27.40625,27.25,-0.15625,0.15625,0.15625
L35H11,35,11,1,27.40625,27.25,-0.15625,0.15625,0.15625
L9H23,9,23,1,27.40625,27.546875,0.140625,0.140625,0.140625
L12H8,12,8,1,27.40625,27.546875,0.140625,0.140625,0.140625
L15H15,15,15,1,27.40625,27.265625,-0.140625,0.140625,0.140625
L3H11,3,11,1,27.40625,27.265625,-0.140625,0.140625,0.140625
L3H20,3,20,1,27.40625,27.546875,0.140625,0.140625,0.140625
L4H6,4,6,1,27.40625,27.265625,-0.140625,0.140625,0.140625
L13H24,13,24,1,27.40625,27.546875,0.140625,0.140625,0.140625
L16H0,16,0,1,27.40625,27.265625,-0.140625,0.140625,0.140625
L21H29,21,29,1,27.40625,27.546875,0.140625,0.140625,0.140625
L23H10,23,10,1,27.40625,27.265625,-0.140625,0.140625,0.140625
L13H26,13,26,1,27.40625,27.265625,-0.140625,0.140625,0.140625
L33H25,33,25,1,27.40625,27.265625,-0.140625,0.140625,0.140625
L35H24,35,24,1,27.40625,27.265625,-0.140625,0.140625,0.140625
L1H26,1,26,1,27.40625,27.265625,-0.140625,0.140625,0.140625
L5H15,5,15,1,27.40625,27.546875,0.140625,0.140625,0.140625
L6H19,6,19,1,27.40625,27.546875,0.140625,0.140625,0.140625
L9H22,9,22,1,27.40625,27.546875,0.140625,0.140625,0.140625
L20H12,20,12,1,27.40625,27.546875,0.140625,0.140625,0.140625
L22H29,22,29,1,27.40625,27.546875,0.140625,0.140625,0.140625
L35H9,35,9,1,27.40625,27.546875,0.140625,0.140625,0.140625
L0H21,0,21,1,27.40625,27.265625,-0.140625,0.140625,0.140625
L12H24,12,24,1,27.40625,27.546875,0.140625,0.140625,0.140625
L25H31,25,31,1,27.40625,27.265625,-0.140625,0.140625,0.140625
L28H16,28,16,1,27.40625,27.265625,-0.140625,0.140625,0.140625
L29H20,29,20,1,27.40625,27.265625,-0.140625,0.140625,0.140625
L1H2,1,2,1,27.40625,27.546875,0.140625,0.140625,0.140625
L3H28,3,28,1,27.40625,27.265625,-0.140625,0.140625,0.140625
L5H0,5,0,1,27.40625,27.265625,-0.140625,0.140625,0.140625
L6H22,6,22,1,27.40625,27.265625,-0.140625,0.140625,0.140625
L8H3,8,3,1,27.40625,27.546875,0.140625,0.140625,0.140625
L8H30,8,30,1,27.40625,27.546875,0.140625,0.140625,0.140625
L17H3,17,3,1,27.40625,27.265625,-0.140625,0.140625,0.140625
L32H27,32,27,1,27.40625,27.265625,-0.140625,0.140625,0.140625
L5H4,5,4,1,27.40625,27.265625,-0.140625,0.140625,0.140625
L12H5,12,5,1,27.40625,27.546875,0.140625,0.140625,0.140625
L22H27,22,27,1,27.40625,27.546875,0.140625,0.140625,0.140625
L25H12,25,12,1,27.40625,27.265625,-0.140625,0.140625,0.140625
L27H11,27,11,1,27.40625,27.546875,0.140625,0.140625,0.140625
L4H22,4,22,1,27.40625,27.546875,0.140625,0.140625,0.140625
L12H9,12,9,1,27.40625,27.546875,0.140625,0.140625,0.140625
L15H21,15,21,1,27.40625,27.265625,-0.140625,0.140625,0.140625
L16H16,16,16,1,27.40625,27.546875,0.140625,0.140625,0.140625
L18H6,18,6,1,27.40625,27.546875,0.140625,0.140625,0.140625
L22H31,22,31,1,27.40625,27.265625,-0.140625,0.140625,0.140625
L24H12,24,12,1,27.40625,27.265625,-0.140625,0.140625,0.140625
L0H5,0,5,1,27.40625,27.53125,0.125,0.125,0.125
L9H14,9,14,1,27.40625,27.53125,0.125,0.125,0.125
L23H25,23,25,1,27.40625,27.28125,-0.125,0.125,0.125
L25H15,25,15,1,27.40625,27.28125,-0.125,0.125,0.125
L34H6,34,6,1,27.40625,27.28125,-0.125,0.125,0.125
L4H16,4,16,1,27.40625,27.53125,0.125,0.125,0.125
L9H9,9,9,1,27.40625,27.53125,0.125,0.125,0.125
L11H8,11,8,1,27.40625,27.53125,0.125,0.125,0.125
L11H26,11,26,1,27.40625,27.53125,0.125,0.125,0.125
L18H9,18,9,1,27.40625,27.28125,-0.125,0.125,0.125
L27H9,27,9,1,27.40625,27.28125,-0.125,0.125,0.125
L6H5,6,5,1,27.40625,27.53125,0.125,0.125,0.125
L9H8,9,8,1,27.40625,27.53125,0.125,0.125,0.125
L10H12,10,12,1,27.40625,27.53125,0.125,0.125,0.125
L18H26,18,26,1,27.40625,27.28125,-0.125,0.125,0.125
L1H14,1,14,1,27.40625,27.28125,-0.125,0.125,0.125
L9H1,9,1,1,27.40625,27.28125,-0.125,0.125,0.125
L12H13,12,13,1,27.40625,27.53125,0.125,0.125,0.125
L13H17,13,17,1,27.40625,27.53125,0.125,0.125,0.125
L21H22,21,22,1,27.40625,27.53125,0.125,0.125,0.125
L0H13,0,13,1,27.40625,27.53125,0.125,0.125,0.125
L8H18,8,18,1,27.40625,27.28125,-0.125,0.125,0.125
L19H8,19,8,1,27.40625,27.28125,-0.125,0.125,0.125
L21H7,21,7,1,27.40625,27.53125,0.125,0.125,0.125
L21H25,21,25,1,27.40625,27.53125,0.125,0.125,0.125
L32H24,32,24,1,27.40625,27.53125,0.125,0.125,0.125
L33H28,33,28,1,27.40625,27.53125,0.125,0.125,0.125
L0H12,0,12,1,27.40625,27.53125,0.125,0.125,0.125
L1H25,1,25,1,27.40625,27.53125,0.125,0.125,0.125
L5H14,5,14,1,27.40625,27.28125,-0.125,0.125,0.125
L7H31,7,31,1,27.40625,27.53125,0.125,0.125,0.125
L24H18,24,18,1,27.40625,27.28125,-0.125,0.125,0.125
L2H15,2,15,1,27.40625,27.53125,0.125,0.125,0.125
L3H1,3,1,1,27.40625,27.28125,-0.125,0.125,0.125
L18H16,18,16,1,27.40625,27.28125,-0.125,0.125,0.125
L8H25,8,25,1,27.40625,27.28125,-0.125,0.125,0.125
L10H15,10,15,1,27.40625,27.53125,0.125,0.125,0.125
L11H10,11,10,1,27.40625,27.28125,-0.125,0.125,0.125
L12H23,12,23,1,27.40625,27.53125,0.125,0.125,0.125
L14H4,14,4,1,27.40625,27.28125,-0.125,0.125,0.125
L14H31,14,31,1,27.40625,27.53125,0.125,0.125,0.125
L15H17,15,17,1,27.40625,27.28125,-0.125,0.125,0.125
L7H25,7,25,1,27.40625,27.53125,0.125,0.125,0.125
L14H8,14,8,1,27.40625,27.53125,0.125,0.125,0.125
L15H12,15,12,1,27.40625,27.53125,0.125,0.125,0.125
L18H24,18,24,1,27.40625,27.28125,-0.125,0.125,0.125
L22H22,22,22,1,27.40625,27.53125,0.125,0.125,0.125
L27H15,27,15,1,27.40625,27.53125,0.125,0.125,0.125
L2H31,2,31,1,27.40625,27.515625,0.109375,0.109375,0.109375
L8H19,8,19,1,27.40625,27.296875,-0.109375,0.109375,0.109375
L13H3,13,3,1,27.40625,27.296875,-0.109375,0.109375,0.109375
L17H10,17,10,1,27.40625,27.515625,0.109375,0.109375,0.109375
L20H31,20,31,1,27.40625,27.515625,0.109375,0.109375,0.109375
L29H31,29,31,1,27.40625,27.296875,-0.109375,0.109375,0.109375
L35H28,35,28,1,27.40625,27.296875,-0.109375,0.109375,0.109375
L8H5,8,5,1,27.40625,27.296875,-0.109375,0.109375,0.109375
L26H23,26,23,1,27.40625,27.296875,-0.109375,0.109375,0.109375
L31H7,31,7,1,27.40625,27.296875,-0.109375,0.109375,0.109375
L33H24,33,24,1,27.40625,27.296875,-0.109375,0.109375,0.109375
L35H5,35,5,1,27.40625,27.515625,0.109375,0.109375,0.109375
L7H9,7,9,1,27.40625,27.296875,-0.109375,0.109375,0.109375
L8H13,8,13,1,27.40625,27.296875,-0.109375,0.109375,0.109375
L12H11,12,11,1,27.40625,27.515625,0.109375,0.109375,0.109375
L26H31,26,31,1,27.40625,27.296875,-0.109375,0.109375,0.109375
L6H16,6,16,1,27.40625,27.515625,0.109375,0.109375,0.109375
L8H6,8,6,1,27.40625,27.515625,0.109375,0.109375,0.109375
L23H30,23,30,1,27.40625,27.296875,-0.109375,0.109375,0.109375
L32H30,32,30,1,27.40625,27.296875,-0.109375,0.109375,0.109375
L7H5,7,5,1,27.40625,27.296875,-0.109375,0.109375,0.109375
L27H22,27,22,1,27.40625,27.296875,-0.109375,0.109375,0.109375
L29H3,29,3,1,27.40625,27.296875,-0.109375,0.109375,0.109375
L2H11,2,11,1,27.40625,27.296875,-0.109375,0.109375,0.109375
L9H3,9,3,1,27.40625,27.515625,0.109375,0.109375,0.109375
L11H2,11,2,1,27.40625,27.515625,0.109375,0.109375,0.109375
L12H15,12,15,1,27.40625,27.515625,0.109375,0.109375,0.109375
L17H17,17,17,1,27.40625,27.296875,-0.109375,0.109375,0.109375
L22H1,22,1,1,27.40625,27.515625,0.109375,0.109375,0.109375
L29H29,29,29,1,27.40625,27.296875,-0.109375,0.109375,0.109375
L34H22,34,22,1,27.40625,27.515625,0.109375,0.109375,0.109375
L1H20,1,20,1,27.40625,27.296875,-0.109375,0.109375,0.109375
L6H4,6,4,1,27.40625,27.296875,-0.109375,0.109375,0.109375
L8H21,8,21,1,27.40625,27.296875,-0.109375,0.109375,0.109375
L11H15,11,15,1,27.40625,27.515625,0.109375,0.109375,0.109375
L12H19,12,19,1,27.40625,27.515625,0.109375,0.109375,0.109375
L24H13,24,13,1,27.40625,27.515625,0.109375,0.109375,0.109375
L26H12,26,12,1,27.40625,27.296875,-0.109375,0.109375,0.109375
L31H5,31,5,1,27.40625,27.515625,0.109375,0.109375,0.109375
L33H13,33,13,1,27.40625,27.296875,-0.109375,0.109375,0.109375
L0H29,0,29,1,27.40625,27.296875,-0.109375,0.109375,0.109375
L4H18,4,18,1,27.40625,27.296875,-0.109375,0.109375,0.109375
L7H3,7,3,1,27.40625,27.515625,0.109375,0.109375,0.109375
L10H24,10,24,1,27.40625,27.296875,-0.109375,0.109375,0.109375
L11H1,11,1,1,27.40625,27.515625,0.109375,0.109375,0.109375
L11H28,11,28,1,27.40625,27.515625,0.109375,0.109375,0.109375
L18H11,18,11,1,27.40625,27.515625,0.109375,0.109375,0.109375
L19H6,19,6,1,27.40625,27.296875,-0.109375,0.109375,0.109375
L27H2,27,2,1,27.40625,27.296875,-0.109375,0.109375,0.109375
L34H12,34,12,1,27.40625,27.296875,-0.109375,0.109375,0.109375
L3H18,3,18,1,27.40625,27.296875,-0.109375,0.109375,0.109375
L24H30,24,30,1,27.40625,27.296875,-0.109375,0.109375,0.109375
L25H7,25,7,1,27.40625,27.296875,-0.109375,0.109375,0.109375
L0H23,0,23,1,27.40625,27.5,0.09375,0.09375,0.09375
L2H4,2,4,1,27.40625,27.3125,-0.09375,0.09375,0.09375
L3H17,3,17,1,27.40625,27.3125,-0.09375,0.09375,0.09375
L4H21,4,21,1,27.40625,27.5,0.09375,0.09375,0.09375
L5H25,5,25,1,27.40625,27.3125,-0.09375,0.09375,0.09375
L6H29,6,29,1,27.40625,27.3125,-0.09375,0.09375,0.09375
L7H6,7,6,1,27.40625,27.3125,-0.09375,0.09375,0.09375
L9H5,9,5,1,27.40625,27.5,0.09375,0.09375,0.09375
L11H31,11,31,1,27.40625,27.5,0.09375,0.09375,0.09375
L13H30,13,30,1,27.40625,27.3125,-0.09375,0.09375,0.09375
L14H16,14,16,1,27.40625,27.5,0.09375,0.09375,0.09375
L16H6,16,6,1,27.40625,27.5,0.09375,0.09375,0.09375
L27H23,27,23,1,27.40625,27.3125,-0.09375,0.09375,0.09375
L1H22,1,22,1,27.40625,27.3125,-0.09375,0.09375,0.09375
L2H26,2,26,1,27.40625,27.3125,-0.09375,0.09375,0.09375
L9H18,9,18,1,27.40625,27.3125,-0.09375,0.09375,0.09375
L18H27,18,27,1,27.40625,27.5,0.09375,0.09375,0.09375
L5H10,5,10,1,27.40625,27.3125,-0.09375,0.09375,0.09375
L7H27,7,27,1,27.40625,27.3125,-0.09375,0.09375,0.09375
L8H31,8,31,1,27.40625,27.5,0.09375,0.09375,0.09375
L27H8,27,8,1,27.40625,27.3125,-0.09375,0.09375,0.09375
L28H30,28,30,1,27.40625,27.5,0.09375,0.09375,0.09375
L35H4,35,4,1,27.40625,27.3125,-0.09375,0.09375,0.09375
L4H26,4,26,1,27.40625,27.3125,-0.09375,0.09375,0.09375
L6H7,6,7,1,27.40625,27.3125,-0.09375,0.09375,0.09375
L16H20,16,20,1,27.40625,27.5,0.09375,0.09375,0.09375
L19H23,19,23,1,27.40625,27.3125,-0.09375,0.09375,0.09375
L31H8,31,8,1,27.40625,27.5,0.09375,0.09375,0.09375
L4H20,4,20,1,27.40625,27.3125,-0.09375,0.09375,0.09375
L15H28,15,28,1,27.40625,27.5,0.09375,0.09375,0.09375
L17H0,17,0,1,27.40625,27.3125,-0.09375,0.09375,0.09375
L17H9,17,9,1,27.40625,27.5,0.09375,0.09375,0.09375
L18H22,18,22,1,27.40625,27.5,0.09375,0.09375,0.09375
L31H29,31,29,1,27.40625,27.5,0.09375,0.09375,0.09375
L3H6,3,6,1,27.40625,27.3125,-0.09375,0.09375,0.09375
L3H24,3,24,1,27.40625,27.5,0.09375,0.09375,0.09375
L4H28,4,28,1,27.40625,27.5,0.09375,0.09375,0.09375
L5H23,5,23,1,27.40625,27.5,0.09375,0.09375,0.09375
L12H6,12,6,1,27.40625,27.5,0.09375,0.09375,0.09375
L20H2,20,2,1,27.40625,27.3125,-0.09375,0.09375,0.09375
L21H24,21,24,1,27.40625,27.3125,-0.09375,0.09375,0.09375
L33H9,33,9,1,27.40625,27.5,0.09375,0.09375,0.09375
L33H18,33,18,1,27.40625,27.3125,-0.09375,0.09375,0.09375
L2H6,2,6,1,27.40625,27.3125,-0.09375,0.09375,0.09375
L3H10,3,10,1,27.40625,27.3125,-0.09375,0.09375,0.09375
L10H29,10,29,1,27.40625,27.3125,-0.09375,0.09375,0.09375
L23H9,23,9,1,27.40625,27.3125,-0.09375,0.09375,0.09375
L26H21,26,21,1,27.40625,27.5,0.09375,0.09375,0.09375
L28H2,28,2,1,27.40625,27.3125,-0.09375,0.09375,0.09375
L29H15,29,15,1,27.40625,27.3125,-0.09375,0.09375,0.09375
L13H27,13,27,1,27.40625,27.5,0.09375,0.09375,0.09375
L14H13,14,13,1,27.40625,27.3125,-0.09375,0.09375,0.09375
L16H21,16,21,1,27.40625,27.5,0.09375,0.09375,0.09375
L16H30,16,30,1,27.40625,27.3125,-0.09375,0.09375,0.09375
L24H8,24,8,1,27.40625,27.3125,-0.09375,0.09375,0.09375
L25H30,25,30,1,27.40625,27.3125,-0.09375,0.09375,0.09375
L26H16,26,16,1,27.40625,27.3125,-0.09375,0.09375,0.09375
L27H20,27,20,1,27.40625,27.3125,-0.09375,0.09375,0.09375
L34H30,34,30,1,27.40625,27.3125,-0.09375,0.09375,0.09375
L1H28,1,28,1,27.40625,27.3125,-0.09375,0.09375,0.09375
L3H9,3,9,1,27.40625,27.3125,-0.09375,0.09375,0.09375
L29H23,29,23,1,27.40625,27.3125,-0.09375,0.09375,0.09375
L34H7,34,7,1,27.40625,27.3125,-0.09375,0.09375,0.09375
L6H20,6,20,1,27.40625,27.328125,-0.078125,0.078125,0.078125
L10H27,10,27,1,27.40625,27.484375,0.078125,0.078125,0.078125
L19H27,19,27,1,27.40625,27.328125,-0.078125,0.078125,0.078125
L24H11,24,11,1,27.40625,27.484375,0.078125,0.078125,0.078125
L24H20,24,20,1,27.40625,27.328125,-0.078125,0.078125,0.078125
L24H29,24,29,1,27.40625,27.484375,0.078125,0.078125,0.078125
L32H16,32,16,1,27.40625,27.328125,-0.078125,0.078125,0.078125
L2H8,2,8,1,27.40625,27.484375,0.078125,0.078125,0.078125
L3H30,3,30,1,27.40625,27.484375,0.078125,0.078125,0.078125
L5H2,5,2,1,27.40625,27.328125,-0.078125,0.078125,0.078125
L14H2,14,2,1,27.40625,27.484375,0.078125,0.078125,0.078125
L14H29,14,29,1,27.40625,27.484375,0.078125,0.078125,0.078125
L25H28,25,28,1,27.40625,27.328125,-0.078125,0.078125,0.078125
L33H6,33,6,1,27.40625,27.484375,0.078125,0.078125,0.078125
L34H19,34,19,1,27.40625,27.328125,-0.078125,0.078125,0.078125
L1H21,1,21,1,27.40625,27.484375,0.078125,0.078125,0.078125
L5H28,5,28,1,27.40625,27.328125,-0.078125,0.078125,0.078125
L6H14,6,14,1,27.40625,27.484375,0.078125,0.078125,0.078125
L6H23,6,23,1,27.40625,27.484375,0.078125,0.078125,0.078125
L11H25,11,25,1,27.40625,27.328125,-0.078125,0.078125,0.078125
L15H14,15,14,1,27.40625,27.328125,-0.078125,0.078125,0.078125
L18H8,18,8,1,27.40625,27.484375,0.078125,0.078125,0.078125
L23H1,23,1,1,27.40625,27.484375,0.078125,0.078125,0.078125
L3H13,3,13,1,27.40625,27.328125,-0.078125,0.078125,0.078125
L5H3,5,3,1,27.40625,27.328125,-0.078125,0.078125,0.078125
L27H28,27,28,1,27.40625,27.484375,0.078125,0.078125,0.078125
L6H10,6,10,1,27.40625,27.328125,-0.078125,0.078125,0.078125
L21H16,21,16,1,27.40625,27.328125,-0.078125,0.078125,0.078125
L25H14,25,14,1,27.40625,27.328125,-0.078125,0.078125,0.078125
L31H11,31,11,1,27.40625,27.328125,-0.078125,0.078125,0.078125
L7H13,7,13,1,27.40625,27.484375,0.078125,0.078125,0.078125
L8H8,8,8,1,27.40625,27.484375,0.078125,0.078125,0.078125
L11H29,11,29,1,27.40625,27.484375,0.078125,0.078125,0.078125
L13H28,13,28,1,27.40625,27.328125,-0.078125,0.078125,0.078125
L28H7,28,7,1,27.40625,27.484375,0.078125,0.078125,0.078125
L32H14,32,14,1,27.40625,27.328125,-0.078125,0.078125,0.078125
L34H4,34,4,1,27.40625,27.484375,0.078125,0.078125,0.078125
L1H29,1,29,1,27.40625,27.484375,0.078125,0.078125,0.078125
L5H9,5,9,1,27.40625,27.328125,-0.078125,0.078125,0.078125
L9H7,9,7,1,27.40625,27.328125,-0.078125,0.078125,0.078125
L12H10,12,10,1,27.40625,27.328125,-0.078125,0.078125,0.078125
L13H14,13,14,1,27.40625,27.328125,-0.078125,0.078125,0.078125
L15H4,15,4,1,27.40625,27.484375,0.078125,0.078125,0.078125
L27H16,27,16,1,27.40625,27.484375,0.078125,0.078125,0.078125
L28H29,28,29,1,27.40625,27.328125,-0.078125,0.078125,0.078125
L7H12,7,12,1,27.40625,27.328125,-0.078125,0.078125,0.078125
L11H19,11,19,1,27.40625,27.328125,-0.078125,0.078125,0.078125
L13H9,13,9,1,27.40625,27.484375,0.078125,0.078125,0.078125
L23H13,23,13,1,27.40625,27.328125,-0.078125,0.078125,0.078125
L29H1,29,1,1,27.40625,27.328125,-0.078125,0.078125,0.078125
L29H28,29,28,1,27.40625,27.328125,-0.078125,0.078125,0.078125
L34H3,34,3,1,27.40625,27.328125,-0.078125,0.078125,0.078125
L0H6,0,6,1,27.40625,27.328125,-0.078125,0.078125,0.078125
L3H0,3,0,1,27.40625,27.328125,-0.078125,0.078125,0.078125
L8H11,8,11,1,27.40625,27.484375,0.078125,0.078125,0.078125
L13H22,13,22,1,27.40625,27.484375,0.078125,0.078125,0.078125
L13H31,13,31,1,27.40625,27.328125,-0.078125,0.078125,0.078125
L24H21,24,21,1,27.40625,27.484375,0.078125,0.078125,0.078125
L28H28,28,28,1,27.40625,27.484375,0.078125,0.078125,0.078125
L5H7,5,7,1,27.40625,27.46875,0.0625,0.0625,0.0625
L6H2,6,2,1,27.40625,27.46875,0.0625,0.0625,0.0625
L10H0,10,0,1,27.40625,27.34375,-0.0625,0.0625,0.0625
L11H22,11,22,1,27.40625,27.46875,0.0625,0.0625,0.0625
L13H12,13,12,1,27.40625,27.34375,-0.0625,0.0625,0.0625
L18H5,18,5,1,27.40625,27.46875,0.0625,0.0625,0.0625
L19H0,19,0,1,27.40625,27.34375,-0.0625,0.0625,0.0625
L28H27,28,27,1,27.40625,27.34375,-0.0625,0.0625,0.0625
L29H13,29,13,1,27.40625,27.34375,-0.0625,0.0625,0.0625
L31H3,31,3,1,27.40625,27.34375,-0.0625,0.0625,0.0625
L0H0,0,0,1,27.40625,27.34375,-0.0625,0.0625,0.0625
L8H14,8,14,1,27.40625,27.34375,-0.0625,0.0625,0.0625
L10H13,10,13,1,27.40625,27.46875,0.0625,0.0625,0.0625
L21H21,21,21,1,27.40625,27.34375,-0.0625,0.0625,0.0625
L35H14,35,14,1,27.40625,27.46875,0.0625,0.0625,0.0625
L2H7,2,7,1,27.40625,27.34375,-0.0625,0.0625,0.0625
L4H15,4,15,1,27.40625,27.46875,0.0625,0.0625,0.0625
L9H17,9,17,1,27.40625,27.46875,0.0625,0.0625,0.0625
L14H28,14,28,1,27.40625,27.34375,-0.0625,0.0625,0.0625
L15H23,15,23,1,27.40625,27.46875,0.0625,0.0625,0.0625
L17H13,17,13,1,27.40625,27.46875,0.0625,0.0625,0.0625
L17H22,17,22,1,27.40625,27.46875,0.0625,0.0625,0.0625
L18H17,18,17,1,27.40625,27.34375,-0.0625,0.0625,0.0625
L26H13,26,13,1,27.40625,27.46875,0.0625,0.0625,0.0625
L30H20,30,20,1,27.40625,27.46875,0.0625,0.0625,0.0625
L31H6,31,6,1,27.40625,27.46875,0.0625,0.0625,0.0625
L31H24,31,24,1,27.40625,27.34375,-0.0625,0.0625,0.0625
L34H27,34,27,1,27.40625,27.34375,-0.0625,0.0625,0.0625
L1H5,1,5,1,27.40625,27.34375,-0.0625,0.0625,0.0625
L2H18,2,18,1,27.40625,27.34375,-0.0625,0.0625,0.0625
L6H25,6,25,1,27.40625,27.34375,-0.0625,0.0625,0.0625
L11H27,11,27,1,27.40625,27.46875,0.0625,0.0625,0.0625
L12H4,12,4,1,27.40625,27.46875,0.0625,0.0625,0.0625
L12H22,12,22,1,27.40625,27.34375,-0.0625,0.0625,0.0625
L13H8,13,8,1,27.40625,27.34375,-0.0625,0.0625,0.0625
L20H27,20,27,1,27.40625,27.46875,0.0625,0.0625,0.0625
L25H11,25,11,1,27.40625,27.34375,-0.0625,0.0625,0.0625
L26H15,26,15,1,27.40625,27.34375,-0.0625,0.0625,0.0625
L27H19,27,19,1,27.40625,27.46875,0.0625,0.0625,0.0625
L30H13,30,13,1,27.40625,27.34375,-0.0625,0.0625,0.0625
L33H7,33,7,1,27.40625,27.34375,-0.0625,0.0625,0.0625
L4H11,4,11,1,27.40625,27.34375,-0.0625,0.0625,0.0625
L4H29,4,29,1,27.40625,27.46875,0.0625,0.0625,0.0625
L7H23,7,23,1,27.40625,27.34375,-0.0625,0.0625,0.0625
L8H27,8,27,1,27.40625,27.46875,0.0625,0.0625,0.0625
L10H26,10,26,1,27.40625,27.34375,-0.0625,0.0625,0.0625
L24H19,24,19,1,27.40625,27.34375,-0.0625,0.0625,0.0625
L26H27,26,27,1,27.40625,27.34375,-0.0625,0.0625,0.0625
L9H12,9,12,1,27.40625,27.46875,0.0625,0.0625,0.0625
L21H15,21,15,1,27.40625,27.34375,-0.0625,0.0625,0.0625
L27H21,27,21,1,27.40625,27.34375,-0.0625,0.0625,0.0625
L27H30,27,30,1,27.40625,27.46875,0.0625,0.0625,0.0625
L32H23,32,23,1,27.40625,27.46875,0.0625,0.0625,0.0625
L33H0,33,0,1,27.40625,27.46875,0.0625,0.0625,0.0625
L2H24,2,24,1,27.40625,27.34375,-0.0625,0.0625,0.0625
L9H16,9,16,1,27.40625,27.34375,-0.0625,0.0625,0.0625
L18H25,18,25,1,27.40625,27.46875,0.0625,0.0625,0.0625
L24H4,24,4,1,27.40625,27.46875,0.0625,0.0625,0.0625
L29H6,29,6,1,27.40625,27.34375,-0.0625,0.0625,0.0625
L32H9,32,9,1,27.40625,27.34375,-0.0625,0.0625,0.0625
L35H12,35,12,1,27.40625,27.34375,-0.0625,0.0625,0.0625
L7H21,7,21,1,27.40625,27.46875,0.0625,0.0625,0.0625
L8H7,8,7,1,27.40625,27.34375,-0.0625,0.0625,0.0625
L19H24,19,24,1,27.40625,27.34375,-0.0625,0.0625,0.0625
L24H17,24,17,1,27.40625,27.34375,-0.0625,0.0625,0.0625
L1H1,1,1,1,27.40625,27.34375,-0.0625,0.0625,0.0625
L5H8,5,8,1,27.40625,27.34375,-0.0625,0.0625,0.0625
L9H15,9,15,1,27.40625,27.46875,0.0625,0.0625,0.0625
L15H30,15,30,1,27.40625,27.34375,-0.0625,0.0625,0.0625
L20H23,20,23,1,27.40625,27.34375,-0.0625,0.0625,0.0625
L21H18,21,18,1,27.40625,27.34375,-0.0625,0.0625,0.0625
L23H8,23,8,1,27.40625,27.34375,-0.0625,0.0625,0.0625
L31H31,31,31,1,27.40625,27.34375,-0.0625,0.0625,0.0625
L1H0,1,0,1,27.40625,27.453125,0.046875,0.046875,0.046875
L1H9,1,9,1,27.40625,27.359375,-0.046875,0.046875,0.046875
L1H27,1,27,1,27.40625,27.359375,-0.046875,0.046875,0.046875
L6H11,6,11,1,27.40625,27.359375,-0.046875,0.046875,0.046875
L8H10,8,10,1,27.40625,27.359375,-0.046875,0.046875,0.046875
L19H9,19,9,1,27.40625,27.453125,0.046875,0.046875,0.046875
L20H22,20,22,1,27.40625,27.359375,-0.046875,0.046875,0.046875
L26H19,26,19,1,27.40625,27.453125,0.046875,0.046875,0.046875
L30H26,30,26,1,27.40625,27.359375,-0.046875,0.046875,0.046875
L31H12,31,12,1,27.40625,27.453125,0.046875,0.046875,0.046875
L32H7,32,7,1,27.40625,27.453125,0.046875,0.046875,0.046875
L2H17,2,17,1,27.40625,27.453125,0.046875,0.046875,0.046875
L4H7,4,7,1,27.40625,27.359375,-0.046875,0.046875,0.046875
L4H25,4,25,1,27.40625,27.453125,0.046875,0.046875,0.046875
L6H24,6,24,1,27.40625,27.453125,0.046875,0.046875,0.046875
L8H23,8,23,1,27.40625,27.359375,-0.046875,0.046875,0.046875
L12H12,12,12,1,27.40625,27.359375,-0.046875,0.046875,0.046875
L13H25,13,25,1,27.40625,27.453125,0.046875,0.046875,0.046875
L27H18,27,18,1,27.40625,27.359375,-0.046875,0.046875,0.046875
L27H27,27,27,1,27.40625,27.359375,-0.046875,0.046875,0.046875
L28H31,28,31,1,27.40625,27.453125,0.046875,0.046875,0.046875
L1H30,1,30,1,27.40625,27.359375,-0.046875,0.046875,0.046875
L3H2,3,2,1,27.40625,27.453125,0.046875,0.046875,0.046875
L3H29,3,29,1,27.40625,27.453125,0.046875,0.046875,0.046875
L4H24,4,24,1,27.40625,27.359375,-0.046875,0.046875,0.046875
L5H19,5,19,1,27.40625,27.359375,-0.046875,0.046875,0.046875
L8H4,8,4,1,27.40625,27.453125,0.046875,0.046875,0.046875
L8H22,8,22,1,27.40625,27.453125,0.046875,0.046875,0.046875
L11H7,11,7,1,27.40625,27.453125,0.046875,0.046875,0.046875
L13H15,13,15,1,27.40625,27.359375,-0.046875,0.046875,0.046875
L14H1,14,1,1,27.40625,27.453125,0.046875,0.046875,0.046875
L20H25,20,25,1,27.40625,27.359375,-0.046875,0.046875,0.046875
L21H20,21,20,1,27.40625,27.453125,0.046875,0.046875,0.046875
L25H18,25,18,1,27.40625,27.453125,0.046875,0.046875,0.046875
L28H12,28,12,1,27.40625,27.453125,0.046875,0.046875,0.046875
L28H21,28,21,1,27.40625,27.359375,-0.046875,0.046875,0.046875
L29H16,29,16,1,27.40625,27.359375,-0.046875,0.046875,0.046875
L1H23,1,23,1,27.40625,27.453125,0.046875,0.046875,0.046875
L3H22,3,22,1,27.40625,27.359375,-0.046875,0.046875,0.046875
L3H31,3,31,1,27.40625,27.359375,-0.046875,0.046875,0.046875
L7H11,7,11,1,27.40625,27.359375,-0.046875,0.046875,0.046875
L7H29,7,29,1,27.40625,27.359375,-0.046875,0.046875,0.046875
L10H5,10,5,1,27.40625,27.453125,0.046875,0.046875,0.046875
L10H23,10,23,1,27.40625,27.453125,0.046875,0.046875,0.046875
L11H9,11,9,1,27.40625,27.359375,-0.046875,0.046875,0.046875
L19H5,19,5,1,27.40625,27.453125,0.046875,0.046875,0.046875
L23H21,23,21,1,27.40625,27.453125,0.046875,0.046875,0.046875
L25H2,25,2,1,27.40625,27.453125,0.046875,0.046875,0.046875
L28H5,28,5,1,27.40625,27.359375,-0.046875,0.046875,0.046875
L29H0,29,0,1,27.40625,27.453125,0.046875,0.046875,0.046875
L30H22,30,22,1,27.40625,27.453125,0.046875,0.046875,0.046875
L32H21,32,21,1,27.40625,27.359375,-0.046875,0.046875,0.046875
L0H4,0,4,1,27.40625,27.359375,-0.046875,0.046875,0.046875
L2H12,2,12,1,27.40625,27.359375,-0.046875,0.046875,0.046875
L3H25,3,25,1,27.40625,27.359375,-0.046875,0.046875,0.046875
L6H1,6,1,1,27.40625,27.359375,-0.046875,0.046875,0.046875
L11H12,11,12,1,27.40625,27.359375,-0.046875,0.046875,0.046875
L13H11,13,11,1,27.40625,27.453125,0.046875,0.046875,0.046875
L20H21,20,21,1,27.40625,27.453125,0.046875,0.046875,0.046875
L20H30,20,30,1,27.40625,27.453125,0.046875,0.046875,0.046875
L24H28,24,28,1,27.40625,27.359375,-0.046875,0.046875,0.046875
L26H0,26,0,1,27.40625,27.453125,0.046875,0.046875,0.046875
L26H18,26,18,1,27.40625,27.453125,0.046875,0.046875,0.046875
L27H13,27,13,1,27.40625,27.359375,-0.046875,0.046875,0.046875
L29H12,29,12,1,27.40625,27.359375,-0.046875,0.046875,0.046875
L0H3,0,3,1,27.40625,27.453125,0.046875,0.046875,0.046875
L2H20,2,20,1,27.40625,27.359375,-0.046875,0.046875,0.046875
L4H19,4,19,1,27.40625,27.359375,-0.046875,0.046875,0.046875
L6H18,6,18,1,27.40625,27.359375,-0.046875,0.046875,0.046875
L10H16,10,16,1,27.40625,27.359375,-0.046875,0.046875,0.046875
L16H22,16,22,1,27.40625,27.359375,-0.046875,0.046875,0.046875
L18H21,18,21,1,27.40625,27.359375,-0.046875,0.046875,0.046875
L20H20,20,20,1,27.40625,27.453125,0.046875,0.046875,0.046875
L23H14,23,14,1,27.40625,27.359375,-0.046875,0.046875,0.046875
L24H0,24,0,1,27.40625,27.453125,0.046875,0.046875,0.046875
L30H24,30,24,1,27.40625,27.453125,0.046875,0.046875,0.046875
L4H23,4,23,1,27.40625,27.359375,-0.046875,0.046875,0.046875
L6H31,6,31,1,27.40625,27.453125,0.046875,0.046875,0.046875
L10H20,10,20,1,27.40625,27.359375,-0.046875,0.046875,0.046875
L14H0,14,0,1,27.40625,27.453125,0.046875,0.046875,0.046875
L21H28,21,28,1,27.40625,27.453125,0.046875,0.046875,0.046875
L24H22,24,22,1,27.40625,27.359375,-0.046875,0.046875,0.046875
L25H17,25,17,1,27.40625,27.453125,0.046875,0.046875,0.046875
L27H25,27,25,1,27.40625,27.453125,0.046875,0.046875,0.046875
L33H31,33,31,1,27.40625,27.359375,-0.046875,0.046875,0.046875
L2H1,2,1,1,27.40625,27.453125,0.046875,0.046875,0.046875
L4H9,4,9,1,27.40625,27.359375,-0.046875,0.046875,0.046875
L9H29,9,29,1,27.40625,27.453125,0.046875,0.046875,0.046875
L20H28,20,28,1,27.40625,27.359375,-0.046875,0.046875,0.046875
L22H0,22,0,1,27.40625,27.359375,-0.046875,0.046875,0.046875
L28H15,28,15,1,27.40625,27.359375,-0.046875,0.046875,0.046875
L30H23,30,23,1,27.40625,27.453125,0.046875,0.046875,0.046875
L32H31,32,31,1,27.40625,27.359375,-0.046875,0.046875,0.046875
L1H10,1,10,1,27.40625,27.359375,-0.046875,0.046875,0.046875
L3H27,3,27,1,27.40625,27.359375,-0.046875,0.046875,0.046875
L4H13,4,13,1,27.40625,27.453125,0.046875,0.046875,0.046875
L8H2,8,2,1,27.40625,27.359375,-0.046875,0.046875,0.046875
L8H20,8,20,1,27.40625,27.359375,-0.046875,0.046875,0.046875
L12H27,12,27,1,27.40625,27.453125,0.046875,0.046875,0.046875
L19H1,19,1,1,27.40625,27.453125,0.046875,0.046875,0.046875
L25H16,25,16,1,27.40625,27.453125,0.046875,0.046875,0.046875
L26H11,26,11,1,27.40625,27.453125,0.046875,0.046875,0.046875
L27H24,27,24,1,27.40625,27.453125,0.046875,0.046875,0.046875
L28H10,28,10,1,27.40625,27.359375,-0.046875,0.046875,0.046875
L28H19,28,19,1,27.40625,27.453125,0.046875,0.046875,0.046875
L29H5,29,5,1,27.40625,27.359375,-0.046875,0.046875,0.046875
L31H4,31,4,1,27.40625,27.359375,-0.046875,0.046875,0.046875
L35H20,35,20,1,27.40625,27.453125,0.046875,0.046875,0.046875
L2H22,2,22,1,27.40625,27.375,-0.03125,0.03125,0.03125
L8H1,8,1,1,27.40625,27.4375,0.03125,0.03125,0.03125
L10H9,10,9,1,27.40625,27.4375,0.03125,0.03125,0.03125
L21H17,21,17,1,27.40625,27.4375,0.03125,0.03125,0.03125
L22H30,22,30,1,27.40625,27.4375,0.03125,0.03125,0.03125
L26H10,26,10,1,27.40625,27.4375,0.03125,0.03125,0.03125
L31H21,31,21,1,27.40625,27.4375,0.03125,0.03125,0.03125
L0H27,0,27,1,27.40625,27.375,-0.03125,0.03125,0.03125
L1H31,1,31,1,27.40625,27.375,-0.03125,0.03125,0.03125
L5H20,5,20,1,27.40625,27.375,-0.03125,0.03125,0.03125
L7H28,7,28,1,27.40625,27.4375,0.03125,0.03125,0.03125
L10H31,10,31,1,27.40625,27.375,-0.03125,0.03125,0.03125
L12H21,12,21,1,27.40625,27.4375,0.03125,0.03125,0.03125
L12H30,12,30,1,27.40625,27.4375,0.03125,0.03125,0.03125
L15H24,15,24,1,27.40625,27.375,-0.03125,0.03125,0.03125
L18H18,18,18,1,27.40625,27.375,-0.03125,0.03125,0.03125
L24H6,24,6,1,27.40625,27.4375,0.03125,0.03125,0.03125
L24H15,24,15,1,27.40625,27.4375,0.03125,0.03125,0.03125
L26H14,26,14,1,27.40625,27.4375,0.03125,0.03125,0.03125
L28H13,28,13,1,27.40625,27.375,-0.03125,0.03125,0.03125
L29H8,29,8,1,27.40625,27.375,-0.03125,0.03125,0.03125
L29H26,29,26,1,27.40625,27.4375,0.03125,0.03125,0.03125
L32H2,32,2,1,27.40625,27.375,-0.03125,0.03125,0.03125
L32H20,32,20,1,27.40625,27.375,-0.03125,0.03125,0.03125
L35H23,35,23,1,27.40625,27.4375,0.03125,0.03125,0.03125
L2H25,2,25,1,27.40625,27.4375,0.03125,0.03125,0.03125
L7H18,7,18,1,27.40625,27.375,-0.03125,0.03125,0.03125
L9H26,9,26,1,27.40625,27.375,-0.03125,0.03125,0.03125
L10H30,10,30,1,27.40625,27.4375,0.03125,0.03125,0.03125
L12H2,12,2,1,27.40625,27.375,-0.03125,0.03125,0.03125
L24H14,24,14,1,27.40625,27.4375,0.03125,0.03125,0.03125
L24H23,24,23,1,27.40625,27.375,-0.03125,0.03125,0.03125
L30H11,30,11,1,27.40625,27.4375,0.03125,0.03125,0.03125
L30H29,30,29,1,27.40625,27.375,-0.03125,0.03125,0.03125
L32H1,32,1,1,27.40625,27.375,-0.03125,0.03125,0.03125
L32H10,32,10,1,27.40625,27.4375,0.03125,0.03125,0.03125
L33H14,33,14,1,27.40625,27.375,-0.03125,0.03125,0.03125
L35H13,35,13,1,27.40625,27.4375,0.03125,0.03125,0.03125
L35H22,35,22,1,27.40625,27.4375,0.03125,0.03125,0.03125
L2H27,2,27,1,27.40625,27.4375,0.03125,0.03125,0.03125
L4H17,4,17,1,27.40625,27.4375,0.03125,0.03125,0.03125
L5H12,5,12,1,27.40625,27.375,-0.03125,0.03125,0.03125
L5H21,5,21,1,27.40625,27.375,-0.03125,0.03125,0.03125
L9H10,9,10,1,27.40625,27.4375,0.03125,0.03125,0.03125
L12H31,12,31,1,27.40625,27.375,-0.03125,0.03125,0.03125
L14H21,14,21,1,27.40625,27.375,-0.03125,0.03125,0.03125
L16H11,16,11,1,27.40625,27.375,-0.03125,0.03125,0.03125
L18H19,18,19,1,27.40625,27.4375,0.03125,0.03125,0.03125
L24H16,24,16,1,27.40625,27.4375,0.03125,0.03125,0.03125
L25H20,25,20,1,27.40625,27.375,-0.03125,0.03125,0.03125
L26H6,26,6,1,27.40625,27.4375,0.03125,0.03125,0.03125
L34H2,34,2,1,27.40625,27.4375,0.03125,0.03125,0.03125
L5H6,5,6,1,27.40625,27.4375,0.03125,0.03125,0.03125
L7H14,7,14,1,27.40625,27.375,-0.03125,0.03125,0.03125
L9H4,9,4,1,27.40625,27.375,-0.03125,0.03125,0.03125
L10H17,10,17,1,27.40625,27.375,-0.03125,0.03125,0.03125
L15H19,15,19,1,27.40625,27.4375,0.03125,0.03125,0.03125
L24H1,24,1,1,27.40625,27.4375,0.03125,0.03125,0.03125
L26H9,26,9,1,27.40625,27.375,-0.03125,0.03125,0.03125
L27H31,27,31,1,27.40625,27.375,-0.03125,0.03125,0.03125
L28H17,28,17,1,27.40625,27.375,-0.03125,0.03125,0.03125
L28H26,28,26,1,27.40625,27.4375,0.03125,0.03125,0.03125
L29H21,29,21,1,27.40625,27.375,-0.03125,0.03125,0.03125
L33H19,33,19,1,27.40625,27.4375,0.03125,0.03125,0.03125
L35H18,35,18,1,27.40625,27.4375,0.03125,0.03125,0.03125
L2H2,2,2,1,27.40625,27.375,-0.03125,0.03125,0.03125
L2H29,2,29,1,27.40625,27.4375,0.03125,0.03125,0.03125
L3H15,3,15,1,27.40625,27.4375,0.03125,0.03125,0.03125
L4H10,4,10,1,27.40625,27.4375,0.03125,0.03125,0.03125
L5H5,5,5,1,27.40625,27.375,-0.03125,0.03125,0.03125
L6H0,6,0,1,27.40625,27.4375,0.03125,0.03125,0.03125
L6H9,6,9,1,27.40625,27.375,-0.03125,0.03125,0.03125
L7H4,7,4,1,27.40625,27.375,-0.03125,0.03125,0.03125
L8H17,8,17,1,27.40625,27.375,-0.03125,0.03125,0.03125
L10H7,10,7,1,27.40625,27.4375,0.03125,0.03125,0.03125
L11H20,11,20,1,27.40625,27.375,-0.03125,0.03125,0.03125
L15H18,15,18,1,27.40625,27.375,-0.03125,0.03125,0.03125
L16H4,16,4,1,27.40625,27.375,-0.03125,0.03125,0.03125
L24H9,24,9,1,27.40625,27.4375,0.03125,0.03125,0.03125
L25H22,25,22,1,27.40625,27.4375,0.03125,0.03125,0.03125
L26H8,26,8,1,27.40625,27.375,-0.03125,0.03125,0.03125
L26H17,26,17,1,27.40625,27.375,-0.03125,0.03125,0.03125
L31H28,31,28,1,27.40625,27.4375,0.03125,0.03125,0.03125
L34H31,34,31,1,27.40625,27.4375,0.03125,0.03125,0.03125
L35H26,35,26,1,27.40625,27.375,-0.03125,0.03125,0.03125
L4H14,4,14,1,27.40625,27.4375,0.03125,0.03125,0.03125
L5H27,5,27,1,27.40625,27.4375,0.03125,0.03125,0.03125
L15H13,15,13,1,27.40625,27.375,-0.03125,0.03125,0.03125
L18H7,18,7,1,27.40625,27.375,-0.03125,0.03125,0.03125
L20H24,20,24,1,27.40625,27.4375,0.03125,0.03125,0.03125
L21H19,21,19,1,27.40625,27.375,-0.03125,0.03125,0.03125
L25H8,25,8,1,27.40625,27.375,-0.03125,0.03125,0.03125
L29H24,29,24,1,27.40625,27.4375,0.03125,0.03125,0.03125
L30H10,30,10,1,27.40625,27.375,-0.03125,0.03125,0.03125
L30H28,30,28,1,27.40625,27.4375,0.03125,0.03125,0.03125
L31H14,31,14,1,27.40625,27.375,-0.03125,0.03125,0.03125
L31H23,31,23,1,27.40625,27.375,-0.03125,0.03125,0.03125
L32H18,32,18,1,27.40625,27.375,-0.03125,0.03125,0.03125
L35H30,35,30,1,27.40625,27.375,-0.03125,0.03125,0.03125
L3H14,3,14,1,27.40625,27.375,-0.03125,0.03125,0.03125
L5H22,5,22,1,27.40625,27.375,-0.03125,0.03125,0.03125
L6H8,6,8,1,27.40625,27.375,-0.03125,0.03125,0.03125
L6H26,6,26,1,27.40625,27.375,-0.03125,0.03125,0.03125
L8H16,8,16,1,27.40625,27.375,-0.03125,0.03125,0.03125
L12H14,12,14,1,27.40625,27.4375,0.03125,0.03125,0.03125
L28H24,28,24,1,27.40625,27.375,-0.03125,0.03125,0.03125
L32H4,32,4,1,27.40625,27.4375,0.03125,0.03125,0.03125
L33H8,33,8,1,27.40625,27.375,-0.03125,0.03125,0.03125
L33H17,33,17,1,27.40625,27.375,-0.03125,0.03125,0.03125
L2H23,2,23,1,27.40625,27.375,-0.03125,0.03125,0.03125
L4H4,4,4,1,27.40625,27.4375,0.03125,0.03125,0.03125
L6H3,6,3,1,27.40625,27.4375,0.03125,0.03125,0.03125
L6H21,6,21,1,27.40625,27.375,-0.03125,0.03125,0.03125
L6H30,6,30,1,27.40625,27.4375,0.03125,0.03125,0.03125
L7H7,7,7,1,27.40625,27.375,-0.03125,0.03125,0.03125
L9H24,9,24,1,27.40625,27.375,-0.03125,0.03125,0.03125
L10H28,10,28,1,27.40625,27.4375,0.03125,0.03125,0.03125
L13H13,13,13,1,27.40625,27.4375,0.03125,0.03125,0.03125
L15H3,15,3,1,27.40625,27.375,-0.03125,0.03125,0.03125
L17H11,17,11,1,27.40625,27.4375,0.03125,0.03125,0.03125
L23H17,23,17,1,27.40625,27.4375,0.03125,0.03125,0.03125
L25H25,25,25,1,27.40625,27.375,-0.03125,0.03125,0.03125
L33H3,33,3,1,27.40625,27.4375,0.03125,0.03125,0.03125
L35H2,35,2,1,27.40625,27.375,-0.03125,0.03125,0.03125
L0H14,0,14,1,27.40625,27.390625,-0.015625,0.015625,0.015625
L3H26,3,26,1,27.40625,27.390625,-0.015625,0.015625,0.015625
L4H12,4,12,1,27.40625,27.390625,-0.015625,0.015625,0.015625
L4H30,4,30,1,27.40625,27.390625,-0.015625,0.015625,0.015625
L7H15,7,15,1,27.40625,27.421875,0.015625,0.015625,0.015625
L14H25,14,25,1,27.40625,27.390625,-0.015625,0.015625,0.015625
L17H19,17,19,1,27.40625,27.390625,-0.015625,0.015625,0.015625
L22H3,22,3,1,27.40625,27.390625,-0.015625,0.015625,0.015625
L25H24,25,24,1,27.40625,27.390625,-0.015625,0.015625,0.015625
L26H28,26,28,1,27.40625,27.390625,-0.015625,0.015625,0.015625
L28H0,28,0,1,27.40625,27.390625,-0.015625,0.015625,0.015625
L28H9,28,9,1,27.40625,27.390625,-0.015625,0.015625,0.015625
L28H18,28,18,1,27.40625,27.390625,-0.015625,0.015625,0.015625
L33H2,33,2,1,27.40625,27.390625,-0.015625,0.015625,0.015625
L33H11,33,11,1,27.40625,27.390625,-0.015625,0.015625,0.015625
L33H20,33,20,1,27.40625,27.390625,-0.015625,0.015625,0.015625
L34H24,34,24,1,27.40625,27.390625,-0.015625,0.015625,0.015625
L35H10,35,10,1,27.40625,27.390625,-0.015625,0.015625,0.015625
L3H3,3,3,1,27.40625,27.421875,0.015625,0.015625,0.015625
L3H12,3,12,1,27.40625,27.421875,0.015625,0.015625,0.015625
L3H21,3,21,1,27.40625,27.421875,0.015625,0.015625,0.015625
L18H0,18,0,1,27.40625,27.421875,0.015625,0.015625,0.015625
L25H10,25,10,1,27.40625,27.390625,-0.015625,0.015625,0.015625
L30H30,30,30,1,27.40625,27.421875,0.015625,0.015625,0.015625
L31H25,31,25,1,27.40625,27.390625,-0.015625,0.015625,0.015625
L33H15,33,15,1,27.40625,27.421875,0.015625,0.015625,0.015625
L34H28,34,28,1,27.40625,27.421875,0.015625,0.015625,0.015625
L7H0,7,0,1,27.40625,27.390625,-0.015625,0.015625,0.015625
L11H16,11,16,1,27.40625,27.390625,-0.015625,0.015625,0.015625
L16H27,16,27,1,27.40625,27.390625,-0.015625,0.015625,0.015625
L23H19,23,19,1,27.40625,27.390625,-0.015625,0.015625,0.015625
L25H0,25,0,1,27.40625,27.390625,-0.015625,0.015625,0.015625
L25H27,25,27,1,27.40625,27.390625,-0.015625,0.015625,0.015625
L26H22,26,22,1,27.40625,27.421875,0.015625,0.015625,0.015625
L27H17,27,17,1,27.40625,27.421875,0.015625,0.015625,0.015625
L27H26,27,26,1,27.40625,27.390625,-0.015625,0.015625,0.015625
L29H7,29,7,1,27.40625,27.390625,-0.015625,0.015625,0.015625
L33H23,33,23,1,27.40625,27.390625,-0.015625,0.015625,0.015625
L34H18,34,18,1,27.40625,27.421875,0.015625,0.015625,0.015625
L35H31,35,31,1,27.40625,27.390625,-0.015625,0.015625,0.015625
L0H19,0,19,1,27.40625,27.390625,-0.015625,0.015625,0.015625
L2H0,2,0,1,27.40625,27.390625,-0.015625,0.015625,0.015625
L7H20,7,20,1,27.40625,27.421875,0.015625,0.015625,0.015625
L8H24,8,24,1,27.40625,27.421875,0.015625,0.015625,0.015625
L9H19,9,19,1,27.40625,27.421875,0.015625,0.015625,0.015625
L9H28,9,28,1,27.40625,27.390625,-0.015625,0.015625,0.015625
L11H18,11,18,1,27.40625,27.390625,-0.015625,0.015625,0.015625
L24H7,24,7,1,27.40625,27.421875,0.015625,0.015625,0.015625
L28H14,28,14,1,27.40625,27.390625,-0.015625,0.015625,0.015625
L29H27,29,27,1,27.40625,27.390625,-0.015625,0.015625,0.015625
L30H31,30,31,1,27.40625,27.390625,-0.015625,0.015625,0.015625
L33H16,33,16,1,27.40625,27.390625,-0.015625,0.015625,0.015625
L35H6,35,6,1,27.40625,27.390625,-0.015625,0.015625,0.015625
L1H8,1,8,1,27.40625,27.421875,0.015625,0.015625,0.015625
L2H21,2,21,1,27.40625,27.421875,0.015625,0.015625,0.015625
L3H7,3,7,1,27.40625,27.421875,0.015625,0.015625,0.015625
L8H0,8,0,1,27.40625,27.421875,0.015625,0.015625,0.015625
L9H13,9,13,1,27.40625,27.390625,-0.015625,0.015625,0.015625
L13H2,13,2,1,27.40625,27.390625,-0.015625,0.015625,0.015625
L18H13,18,13,1,27.40625,27.421875,0.015625,0.015625,0.015625
L23H6,23,6,1,27.40625,27.390625,-0.015625,0.015625,0.015625
L30H25,30,25,1,27.40625,27.421875,0.015625,0.015625,0.015625
L1H7,1,7,1,27.40625,27.421875,0.015625,0.015625,0.015625
L4H1,4,1,1,27.40625,27.421875,0.015625,0.015625,0.015625
L10H25,10,25,1,27.40625,27.390625,-0.015625,0.015625,0.015625
L19H25,19,25,1,27.40625,27.390625,-0.015625,0.015625,0.015625
L22H28,22,28,1,27.40625,27.390625,-0.015625,0.015625,0.015625
L26H26,26,26,1,27.40625,27.421875,0.015625,0.015625,0.015625
L27H12,27,12,1,27.40625,27.421875,0.015625,0.015625,0.015625
L28H25,28,25,1,27.40625,27.390625,-0.015625,0.015625,0.015625
L1H11,1,11,1,27.40625,27.390625,-0.015625,0.015625,0.015625
L3H19,3,19,1,27.40625,27.390625,-0.015625,0.015625,0.015625
L6H13,6,13,1,27.40625,27.421875,0.015625,0.015625,0.015625
L8H12,8,12,1,27.40625,27.390625,-0.015625,0.015625,0.015625
L9H25,9,25,1,27.40625,27.390625,-0.015625,0.015625,0.015625
L11H6,11,6,1,27.40625,27.421875,0.015625,0.015625,0.015625
L11H24,11,24,1,27.40625,27.421875,0.015625,0.015625,0.015625
L23H18,23,18,1,27.40625,27.421875,0.015625,0.015625,0.015625
L24H31,24,31,1,27.40625,27.421875,0.015625,0.015625,0.015625
L26H30,26,30,1,27.40625,27.421875,0.015625,0.015625,0.015625
L27H7,27,7,1,27.40625,27.421875,0.015625,0.015625,0.015625
L28H11,28,11,1,27.40625,27.390625,-0.015625,0.015625,0.015625
L34H26,34,26,1,27.40625,27.421875,0.015625,0.015625,0.015625
L35H21,35,21,1,27.40625,27.421875,0.015625,0.015625,0.015625
L1H6,1,6,1,27.40625,27.390625,-0.015625,0.015625,0.015625
L2H10,2,10,1,27.40625,27.390625,-0.015625,0.015625,0.015625
L2H19,2,19,1,27.40625,27.421875,0.015625,0.015625,0.015625
L4H0,4,0,1,27.40625,27.390625,-0.015625,0.015625,0.015625
L5H31,5,31,1,27.40625,27.421875,0.015625,0.015625,0.015625
L15H8,15,8,1,27.40625,27.390625,-0.015625,0.015625,0.015625
L26H25,26,25,1,27.40625,27.421875,0.015625,0.015625,0.015625
L27H29,27,29,1,27.40625,27.390625,-0.015625,0.015625,0.015625
L28H6,28,6,1,27.40625,27.390625,-0.015625,0.015625,0.015625
L29H10,29,10,1,27.40625,27.390625,-0.015625,0.015625,0.015625
L30H5,30,5,1,27.40625,27.421875,0.015625,0.015625,0.015625
L30H14,30,14,1,27.40625,27.390625,-0.015625,0.015625,0.015625
L31H0,31,0,1,27.40625,27.390625,-0.015625,0.015625,0.015625
L31H9,31,9,1,27.40625,27.421875,0.015625,0.015625,0.015625
L31H27,31,27,1,27.40625,27.421875,0.015625,0.015625,0.015625
L32H13,32,13,1,27.40625,27.390625,-0.015625,0.015625,0.015625
L35H7,35,7,1,27.40625,27.421875,0.015625,0.015625,0.015625
L2H14,2,14,1,27.40625,27.421875,0.015625,0.015625,0.015625
L7H16,7,16,1,27.40625,27.421875,0.015625,0.015625,0.015625
L8H29,8,29,1,27.40625,27.390625,-0.015625,0.015625,0.015625
L11H14,11,14,1,27.40625,27.390625,-0.015625,0.015625,0.015625
L11H23,11,23,1,27.40625,27.390625,-0.015625,0.015625,0.015625
L13H4,13,4,1,27.40625,27.421875,0.015625,0.015625,0.015625
L14H17,14,17,1,27.40625,27.390625,-0.015625,0.015625,0.015625
L17H2,17,2,1,27.40625,27.421875,0.015625,0.015625,0.015625
L24H3,24,3,1,27.40625,27.390625,-0.015625,0.015625,0.015625
L26H20,26,20,1,27.40625,27.421875,0.015625,0.015625,0.015625
L28H1,28,1,1,27.40625,27.390625,-0.015625,0.015625,0.015625
L30H18,30,18,1,27.40625,27.390625,-0.015625,0.015625,0.015625
L31H13,31,13,1,27.40625,27.421875,0.015625,0.015625,0.015625
L31H22,31,22,1,27.40625,27.421875,0.015625,0.015625,0.015625
L33H12,33,12,1,27.40625,27.421875,0.015625,0.015625,0.015625
L3H8,3,8,1,27.40625,27.40625,0.0,0.0,0.0
L10H18,10,18,1,27.40625,27.40625,0.0,0.0,0.0
L11H13,11,13,1,27.40625,27.40625,0.0,0.0,0.0
L23H16,23,16,1,27.40625,27.40625,0.0,0.0,0.0
L27H5,27,5,1,27.40625,27.40625,0.0,0.0,0.0
L30H8,30,8,1,27.40625,27.40625,0.0,0.0,0.0
L35H19,35,19,1,27.40625,27.40625,0.0,0.0,0.0
L5H29,5,29,1,27.40625,27.40625,0.0,0.0,0.0
L7H1,7,1,1,27.40625,27.40625,0.0,0.0,0.0
L11H17,11,17,1,27.40625,27.40625,0.0,0.0,0.0
L23H20,23,20,1,27.40625,27.40625,0.0,0.0,0.0
L28H4,28,4,1,27.40625,27.40625,0.0,0.0,0.0
L28H22,28,22,1,27.40625,27.40625,0.0,0.0,0.0
L30H12,30,12,1,27.40625,27.40625,0.0,0.0,0.0
L32H11,32,11,1,27.40625,27.40625,0.0,0.0,0.0
L0H8,0,8,1,27.40625,27.40625,0.0,0.0,0.0
L1H3,1,3,1,27.40625,27.40625,0.0,0.0,0.0
L1H12,1,12,1,27.40625,27.40625,0.0,0.0,0.0
L2H16,2,16,1,27.40625,27.40625,0.0,0.0,0.0
L5H1,5,1,1,27.40625,27.40625,0.0,0.0,0.0
L10H3,10,3,1,27.40625,27.40625,0.0,0.0,0.0
L14H10,14,10,1,27.40625,27.40625,0.0,0.0,0.0
L29H25,29,25,1,27.40625,27.40625,0.0,0.0,0.0
L31H15,31,15,1,27.40625,27.40625,0.0,0.0,0.0
L32H19,32,19,1,27.40625,27.40625,0.0,0.0,0.0
L2H9,2,9,1,27.40625,27.40625,0.0,0.0,0.0
L11H0,11,0,1,27.40625,27.40625,0.0,0.0,0.0
L26H24,26,24,1,27.40625,27.40625,0.0,0.0,0.0
L2H30,2,30,1,27.40625,27.40625,0.0,0.0,0.0
L3H16,3,16,1,27.40625,27.40625,0.0,0.0,0.0
L5H24,5,24,1,27.40625,27.40625,0.0,0.0,0.0
L9H31,9,31,1,27.40625,27.40625,0.0,0.0,0.0
L14H6,14,6,1,27.40625,27.40625,0.0,0.0,0.0
L25H23,25,23,1,27.40625,27.40625,0.0,0.0,0.0
L28H8,28,8,1,27.40625,27.40625,0.0,0.0,0.0
L29H30,29,30,1,27.40625,27.40625,0.0,0.0,0.0
L31H2,31,2,1,27.40625,27.40625,0.0,0.0,0.0
L31H20,31,20,1,27.40625,27.40625,0.0,0.0,0.0
L32H6,32,6,1,27.40625,27.40625,0.0,0.0,0.0
L34H5,34,5,1,27.40625,27.40625,0.0,0.0,0.0
L6H27,6,27,1,27.40625,27.40625,0.0,0.0,0.0
L9H30,9,30,1,27.40625,27.40625,0.0,0.0,0.0
L13H1,13,1,1,27.40625,27.40625,0.0,0.0,0.0
L14H23,14,23,1,27.40625,27.40625,0.0,0.0,0.0
L29H2,29,2,1,27.40625,27.40625,0.0,0.0,0.0
L30H15,30,15,1,27.40625,27.40625,0.0,0.0,0.0
L31H1,31,1,1,27.40625,27.40625,0.0,0.0,0.0
L32H5,32,5,1,27.40625,27.40625,0.0,0.0,0.0
L5H18,5,18,1,27.40625,27.40625,0.0,0.0,0.0
L7H17,7,17,1,27.40625,27.40625,0.0,0.0,0.0
L25H26,25,26,1,27.40625,27.40625,0.0,0.0,0.0
L33H22,33,22,1,27.40625,27.40625,0.0,0.0,0.0
L3H5,3,5,1,27.40625,27.40625,0.0,0.0,0.0
L4H27,4,27,1,27.40625,27.40625,0.0,0.0,0.0
L9H11,9,11,1,27.40625,27.40625,0.0,0.0,0.0
L25H3,25,3,1,27.40625,27.40625,0.0,0.0,0.0
L35H16,35,16,1,27.40625,27.40625,0.0,0.0,0.0
L2H5,2,5,1,27.40625,27.40625,0.0,0.0,0.0
L5H17,5,17,1,27.40625,27.40625,0.0,0.0,0.0
L11H5,11,5,1,27.40625,27.40625,0.0,0.0,0.0
L16H7,16,7,1,27.40625,27.40625,0.0,0.0,0.0
L26H29,26,29,1,27.40625,27.40625,0.0,0.0,0.0
L27H6,27,6,1,27.40625,27.40625,0.0,0.0,0.0
L34H25,34,25,1,27.40625,27.40625,0.0,0.0,0.0
