head_label,layer_idx,head_idx,total,corrected,keep_wrong,other_answer,no_boxed,keyword_hit,corrected_rate,keep_wrong_rate,keyword_hit_rate,delta_corrected_rate_vs_baseline
baseline,,,12,12,0,0,0,12,1.0,0.0,1.0,0.0
L0H0,0,0,12,12,0,0,0,12,1.0,0.0,1.0,0.0
L0H1,0,1,12,12,0,0,0,12,1.0,0.0,1.0,0.0
L0H2,0,2,12,11,1,0,0,12,0.916667,0.083333,1.0,-0.083333
L0H3,0,3,12,1,0,0,11,2,0.083333,0.0,0.166667,-0.916667
L0H4,0,4,12,12,0,0,0,12,1.0,0.0,1.0,0.0
L0H5,0,5,12,12,0,0,0,12,1.0,0.0,1.0,0.0
L0H6,0,6,12,12,0,0,0,12,1.0,0.0,1.0,0.0
L0H7,0,7,12,7,0,4,1,12,0.583333,0.0,1.0,-0.416667
L0H8,0,8,12,12,0,0,0,12,1.0,0.0,1.0,0.0
L0H9,0,9,12,12,0,0,0,12,1.0,0.0,1.0,0.0
L0H10,0,10,12,12,0,0,0,12,1.0,0.0,1.0,0.0
L0H11,0,11,12,12,0,0,0,12,1.0,0.0,1.0,0.0
L0H12,0,12,12,12,0,0,0,12,1.0,0.0,1.0,0.0
L0H13,0,13,12,12,0,0,0,12,1.0,0.0,1.0,0.0
L0H14,0,14,12,12,0,0,0,12,1.0,0.0,1.0,0.0
L0H15,0,15,12,12,0,0,0,12,1.0,0.0,1.0,0.0
L1H0,1,0,12,12,0,0,0,12,1.0,0.0,1.0,0.0
L1H1,1,1,12,12,0,0,0,12,1.0,0.0,1.0,0.0
L1H2,1,2,12,12,0,0,0,12,1.0,0.0,1.0,0.0
L1H3,1,3,12,12,0,0,0,12,1.0,0.0,1.0,0.0
L1H4,1,4,12,12,0,0,0,12,1.0,0.0,1.0,0.0
L1H5,1,5,12,12,0,0,0,12,1.0,0.0,1.0,0.0
L1H6,1,6,12,12,0,0,0,12,1.0,0.0,1.0,0.0
L1H7,1,7,12,12,0,0,0,12,1.0,0.0,1.0,0.0
L1H8,1,8,12,12,0,0,0,12,1.0,0.0,1.0,0.0
L1H9,1,9,12,12,0,0,0,12,1.0,0.0,1.0,0.0
L1H10,1,10,12,12,0,0,0,12,1.0,0.0,1.0,0.0
L1H11,1,11,12,12,0,0,0,12,1.0,0.0,1.0,0.0
L1H12,1,12,12,12,0,0,0,12,1.0,0.0,1.0,0.0
L1H13,1,13,12,12,0,0,0,12,1.0,0.0,1.0,0.0
L1H14,1,14,12,12,0,0,0,12,1.0,0.0,1.0,0.0
L1H15,1,15,12,12,0,0,0,12,1.0,0.0,1.0,0.0
L2H0,2,0,12,12,0,0,0,12,1.0,0.0,1.0,0.0
L2H1,2,1,12,12,0,0,0,12,1.0,0.0,1.0,0.0
L2H2,2,2,12,12,0,0,0,12,1.0,0.0,1.0,0.0
L2H3,2,3,12,12,0,0,0,12,1.0,0.0,1.0,0.0
L2H4,2,4,12,12,0,0,0,12,1.0,0.0,1.0,0.0
L2H5,2,5,12,12,0,0,0,12,1.0,0.0,1.0,0.0
L2H6,2,6,12,12,0,0,0,12,1.0,0.0,1.0,0.0
L2H7,2,7,12,12,0,0,0,12,1.0,0.0,1.0,0.0
L2H8,2,8,12,12,0,0,0,12,1.0,0.0,1.0,0.0
L2H9,2,9,12,12,0,0,0,12,1.0,0.0,1.0,0.0
L2H10,2,10,12,12,0,0,0,12,1.0,0.0,1.0,0.0
L2H11,2,11,12,12,0,0,0,12,1.0,0.0,1.0,0.0
L2H12,2,12,12,12,0,0,0,12,1.0,0.0,1.0,0.0
L2H13,2,13,12,12,0,0,0,12,1.0,0.0,1.0,0.0
L2H14,2,14,12,12,0,0,0,12,1.0,0.0,1.0,0.0
L2H15,2,15,12,12,0,0,0,12,1.0,0.0,1.0,0.0
L3H0,3,0,12,12,0,0,0,12,1.0,0.0,1.0,0.0
L3H1,3,1,12,12,0,0,0,12,1.0,0.0,1.0,0.0
L3H2,3,2,12,12,0,0,0,12,1.0,0.0,1.0,0.0
L3H3,3,3,12,12,0,0,0,12,1.0,0.0,1.0,0.0
L3H4,3,4,12,12,0,0,0,12,1.0,0.0,1.0,0.0
L3H5,3,5,12,12,0,0,0,12,1.0,0.0,1.0,0.0
L3H6,3,6,12,12,0,0,0,12,1.0,0.0,1.0,0.0
L3H7,3,7,12,12,0,0,0,12,1.0,0.0,1.0,0.0
L3H8,3,8,12,12,0,0,0,12,1.0,0.0,1.0,0.0
L3H9,3,9,12,12,0,0,0,12,1.0,0.0,1.0,0.0
L3H10,3,10,12,12,0,0,0,12,1.0,0.0,1.0,0.0
L3H11,3,11,12,12,0,0,0,12,1.0,0.0,1.0,0.0
L3H12,3,12,12,12,0,0,0,12,1.0,0.0,1.0,0.0
L3H13,3,13,12,12,0,0,0,12,1.0,0.0,1.0,0.0
L3H14,3,14,12,12,0,0,0,12,1.0,0.0,1.0,0.0
L3H15,3,15,12,12,0,0,0,12,1.0,0.0,1.0,0.0
L4H0,4,0,12,12,0,0,0,12,1.0,0.0,1.0,0.0
L4H1,4,1,12,12,0,0,0,12,1.0,0.0,1.0,0.0
L4H2,4,2,12,12,0,0,0,12,1.0,0.0,1.0,0.0
L4H3,4,3,12,12,0,0,0,12,1.0,0.0,1.0,0.0
L4H4,4,4,12,12,0,0,0,12,1.0,0.0,1.0,0.0
L4H5,4,5,12,12,0,0,0,12,1.0,0.0,1.0,0.0
L4H6,4,6,12,12,0,0,0,12,1.0,0.0,1.0,0.0
L4H7,4,7,12,12,0,0,0,12,1.0,0.0,1.0,0.0
L4H8,4,8,12,12,0,0,0,12,1.0,0.0,1.0,0.0
L4H9,4,9,12,12,0,0,0,12,1.0,0.0,1.0,0.0
L4H10,4,10,12,12,0,0,0,12,1.0,0.0,1.0,0.0
L4H11,4,11,12,12,0,0,0,12,1.0,0.0,1.0,0.0
L4H12,4,12,12,12,0,0,0,12,1.0,0.0,1.0,0.0
L4H13,4,13,12,12,0,0,0,12,1.0,0.0,1.0,0.0
L4H14,4,14,12,12,0,0,0,12,1.0,0.0,1.0,0.0
L4H15,4,15,12,12,0,0,0,12,1.0,0.0,1.0,0.0
L5H0,5,0,12,12,0,0,0,12,1.0,0.0,1.0,0.0
L5H1,5,1,12,12,0,0,0,12,1.0,0.0,1.0,0.0
L5H2,5,2,12,12,0,0,0,12,1.0,0.0,1.0,0.0
L5H3,5,3,12,12,0,0,0,12,1.0,0.0,1.0,0.0
L5H4,5,4,12,12,0,0,0,12,1.0,0.0,1.0,0.0
L5H5,5,5,12,12,0,0,0,12,1.0,0.0,1.0,0.0
L5H6,5,6,12,12,0,0,0,12,1.0,0.0,1.0,0.0
L5H7,5,7,12,12,0,0,0,12,1.0,0.0,1.0,0.0
L5H8,5,8,12,12,0,0,0,12,1.0,0.0,1.0,0.0
L5H9,5,9,12,12,0,0,0,12,1.0,0.0,1.0,0.0
L5H10,5,10,12,12,0,0,0,12,1.0,0.0,1.0,0.0
L5H11,5,11,12,12,0,0,0,12,1.0,0.0,1.0,0.0
L5H12,5,12,12,12,0,0,0,12,1.0,0.0,1.0,0.0
L5H13,5,13,12,12,0,0,0,12,1.0,0.0,1.0,0.0
L5H14,5,14,12,12,0,0,0,12,1.0,0.0,1.0,0.0
L5H15,5,15,12,12,0,0,0,12,1.0,0.0,1.0,0.0
L6H0,6,0,12,12,0,0,0,12,1.0,0.0,1.0,0.0
L6H1,6,1,12,12,0,0,0,12,1.0,0.0,1.0,0.0
L6H2,6,2,12,12,0,0,0,12,1.0,0.0,1.0,0.0
L6H3,6,3,12,12,0,0,0,12,1.0,0.0,1.0,0.0
L6H4,6,4,12,12,0,0,0,12,1.0,0.0,1.0,0.0
L6H5,6,5,12,12,0,0,0,12,1.0,0.0,1.0,0.0
L6H6,6,6,12,12,0,0,0,12,1.0,0.0,1.0,0.0
L6H7,6,7,12,12,0,0,0,12,1.0,0.0,1.0,0.0
L6H8,6,8,12,12,0,0,0,12,1.0,0.0,1.0,0.0
L6H9,6,9,12,12,0,0,0,12,1.0,0.0,1.0,0.0
L6H10,6,10,12,12,0,0,0,12,1.0,0.0,1.0,0.0
L6H11,6,11,12,12,0,0,0,12,1.0,0.0,1.0,0.0
L6H12,6,12,12,12,0,0,0,12,1.0,0.0,1.0,0.0
L6H13,6,13,12,12,0,0,0,12,1.0,0.0,1.0,0.0
L6H14,6,14,12,12,0,0,0,12,1.0,0.0,1.0,0.0
L6H15,6,15,12,12,0,0,0,12,1.0,0.0,1.0,0.0
L7H0,7,0,12,12,0,0,0,12,1.0,0.0,1.0,0.0
L7H1,7,1,12,12,0,0,0,12,1.0,0.0,1.0,0.0
L7H2,7,2,12,12,0,0,0,12,1.0,0.0,1.0,0.0
L7H3,7,3,12,12,0,0,0,12,1.0,0.0,1.0,0.0
L7H4,7,4,12,12,0,0,0,12,1.0,0.0,1.0,0.0
L7H5,7,5,12,12,0,0,0,12,1.0,0.0,1.0,0.0
L7H6,7,6,12,12,0,0,0,12,1.0,0.0,1.0,0.0
L7H7,7,7,12,12,0,0,0,12,1.0,0.0,1.0,0.0
L7H8,7,8,12,12,0,0,0,12,1.0,0.0,1.0,0.0
L7H9,7,9,12,12,0,0,0,12,1.0,0.0,1.0,0.0
L7H10,7,10,12,12,0,0,0,12,1.0,0.0,1.0,0.0
L7H11,7,11,12,12,0,0,0,12,1.0,0.0,1.0,0.0
L7H12,7,12,12,12,0,0,0,12,1.0,0.0,1.0,0.0
L7H13,7,13,12,12,0,0,0,12,1.0,0.0,1.0,0.0
L7H14,7,14,12,12,0,0,0,12,1.0,0.0,1.0,0.0
L7H15,7,15,12,12,0,0,0,12,1.0,0.0,1.0,0.0
L8H0,8,0,12,12,0,0,0,12,1.0,0.0,1.0,0.0
L8H1,8,1,12,12,0,0,0,12,1.0,0.0,1.0,0.0
L8H2,8,2,12,12,0,0,0,12,1.0,0.0,1.0,0.0
L8H3,8,3,12,12,0,0,0,12,1.0,0.0,1.0,0.0
L8H4,8,4,12,12,0,0,0,12,1.0,0.0,1.0,0.0
L8H5,8,5,12,12,0,0,0,12,1.0,0.0,1.0,0.0
L8H6,8,6,12,12,0,0,0,12,1.0,0.0,1.0,0.0
L8H7,8,7,12,12,0,0,0,12,1.0,0.0,1.0,0.0
L8H8,8,8,12,12,0,0,0,12,1.0,0.0,1.0,0.0
L8H9,8,9,12,12,0,0,0,12,1.0,0.0,1.0,0.0
L8H10,8,10,12,12,0,0,0,12,1.0,0.0,1.0,0.0
L8H11,8,11,12,12,0,0,0,12,1.0,0.0,1.0,0.0
L8H12,8,12,12,12,0,0,0,12,1.0,0.0,1.0,0.0
L8H13,8,13,12,12,0,0,0,12,1.0,0.0,1.0,0.0
L8H14,8,14,12,12,0,0,0,12,1.0,0.0,1.0,0.0
L8H15,8,15,12,12,0,0,0,12,1.0,0.0,1.0,0.0
L9H0,9,0,12,12,0,0,0,12,1.0,0.0,1.0,0.0
L9H1,9,1,12,12,0,0,0,12,1.0,0.0,1.0,0.0
L9H2,9,2,12,12,0,0,0,12,1.0,0.0,1.0,0.0
L9H3,9,3,12,12,0,0,0,12,1.0,0.0,1.0,0.0
L9H4,9,4,12,12,0,0,0,12,1.0,0.0,1.0,0.0
L9H5,9,5,12,12,0,0,0,12,1.0,0.0,1.0,0.0
L9H6,9,6,12,12,0,0,0,12,1.0,0.0,1.0,0.0
L9H7,9,7,12,12,0,0,0,12,1.0,0.0,1.0,0.0
L9H8,9,8,12,12,0,0,0,12,1.0,0.0,1.0,0.0
L9H9,9,9,12,12,0,0,0,12,1.0,0.0,1.0,0.0
L9H10,9,10,12,12,0,0,0,12,1.0,0.0,1.0,0.0
L9H11,9,11,12,12,0,0,0,12,1.0,0.0,1.0,0.0
L9H12,9,12,12,12,0,0,0,12,1.0,0.0,1.0,0.0
L9H13,9,13,12,12,0,0,0,12,1.0,0.0,1.0,0.0
L9H14,9,14,12,12,0,0,0,12,1.0,0.0,1.0,0.0
L9H15,9,15,12,12,0,0,0,12,1.0,0.0,1.0,0.0
L10H0,10,0,12,12,0,0,0,12,1.0,0.0,1.0,0.0
L10H1,10,1,12,12,0,0,0,12,1.0,0.0,1.0,0.0
L10H2,10,2,12,12,0,0,0,12,1.0,0.0,1.0,0.0
L10H3,10,3,12,12,0,0,0,12,1.0,0.0,1.0,0.0
L10H4,10,4,12,12,0,0,0,12,1.0,0.0,1.0,0.0
L10H5,10,5,12,12,0,0,0,12,1.0,0.0,1.0,0.0
L10H6,10,6,12,9,3,0,0,12,0.75,0.25,1.0,-0.25
L10H7,10,7,12,12,0,0,0,12,1.0,0.0,1.0,0.0
L10H8,10,8,12,12,0,0,0,12,1.0,0.0,1.0,0.0
L10H9,10,9,12,12,0,0,0,12,1.0,0.0,1.0,0.0
L10H10,10,10,12,12,0,0,0,12,1.0,0.0,1.0,0.0
L10H11,10,11,12,12,0,0,0,12,1.0,0.0,1.0,0.0
L10H12,10,12,12,12,0,0,0,12,1.0,0.0,1.0,0.0
L10H13,10,13,12,12,0,0,0,12,1.0,0.0,1.0,0.0
L10H14,10,14,12,12,0,0,0,12,1.0,0.0,1.0,0.0
L10H15,10,15,12,12,0,0,0,12,1.0,0.0,1.0,0.0
L11H0,11,0,12,12,0,0,0,12,1.0,0.0,1.0,0.0
L11H1,11,1,12,12,0,0,0,12,1.0,0.0,1.0,0.0
L11H2,11,2,12,12,0,0,0,12,1.0,0.0,1.0,0.0
L11H3,11,3,12,12,0,0,0,12,1.0,0.0,1.0,0.0
L11H4,11,4,12,12,0,0,0,12,1.0,0.0,1.0,0.0
L11H5,11,5,12,12,0,0,0,12,1.0,0.0,1.0,0.0
L11H6,11,6,12,12,0,0,0,12,1.0,0.0,1.0,0.0
L11H7,11,7,12,12,0,0,0,12,1.0,0.0,1.0,0.0
L11H8,11,8,12,12,0,0,0,12,1.0,0.0,1.0,0.0
L11H9,11,9,12,12,0,0,0,12,1.0,0.0,1.0,0.0
L11H10,11,10,12,12,0,0,0,12,1.0,0.0,1.0,0.0
L11H11,11,11,12,12,0,0,0,12,1.0,0.0,1.0,0.0
L11H12,11,12,12,12,0,0,0,12,1.0,0.0,1.0,0.0
L11H13,11,13,12,12,0,0,0,12,1.0,0.0,1.0,0.0
L11H14,11,14,12,12,0,0,0,12,1.0,0.0,1.0,0.0
L11H15,11,15,12,12,0,0,0,12,1.0,0.0,1.0,0.0
L12H0,12,0,12,12,0,0,0,12,1.0,0.0,1.0,0.0
L12H1,12,1,12,12,0,0,0,12,1.0,0.0,1.0,0.0
L12H2,12,2,12,12,0,0,0,12,1.0,0.0,1.0,0.0
L12H3,12,3,12,12,0,0,0,12,1.0,0.0,1.0,0.0
L12H4,12,4,12,12,0,0,0,12,1.0,0.0,1.0,0.0
L12H5,12,5,12,12,0,0,0,12,1.0,0.0,1.0,0.0
L12H6,12,6,12,12,0,0,0,12,1.0,0.0,1.0,0.0
L12H7,12,7,12,12,0,0,0,12,1.0,0.0,1.0,0.0
L12H8,12,8,12,12,0,0,0,12,1.0,0.0,1.0,0.0
L12H9,12,9,12,12,0,0,0,12,1.0,0.0,1.0,0.0
L12H10,12,10,12,12,0,0,0,12,1.0,0.0,1.0,0.0
L12H11,12,11,12,12,0,0,0,12,1.0,0.0,1.0,0.0
L12H12,12,12,12,12,0,0,0,12,1.0,0.0,1.0,0.0
L12H13,12,13,12,12,0,0,0,12,1.0,0.0,1.0,0.0
L12H14,12,14,12,11,1,0,0,12,0.916667,0.083333,1.0,-0.083333
L12H15,12,15,12,12,0,0,0,12,1.0,0.0,1.0,0.0
L13H0,13,0,12,12,0,0,0,12,1.0,0.0,1.0,0.0
L13H1,13,1,12,12,0,0,0,12,1.0,0.0,1.0,0.0
L13H2,13,2,12,12,0,0,0,12,1.0,0.0,1.0,0.0
L13H3,13,3,12,12,0,0,0,12,1.0,0.0,1.0,0.0
L13H4,13,4,12,12,0,0,0,12,1.0,0.0,1.0,0.0
L13H5,13,5,12,12,0,0,0,12,1.0,0.0,1.0,0.0
L13H6,13,6,12,12,0,0,0,12,1.0,0.0,1.0,0.0
L13H7,13,7,12,12,0,0,0,12,1.0,0.0,1.0,0.0
L13H8,13,8,12,12,0,0,0,12,1.0,0.0,1.0,0.0
L13H9,13,9,12,12,0,0,0,12,1.0,0.0,1.0,0.0
L13H10,13,10,12,12,0,0,0,12,1.0,0.0,1.0,0.0
L13H11,13,11,12,12,0,0,0,12,1.0,0.0,1.0,0.0
L13H12,13,12,12,11,1,0,0,12,0.916667,0.083333,1.0,-0.083333
L13H13,13,13,12,12,0,0,0,12,1.0,0.0,1.0,0.0
L13H14,13,14,12,12,0,0,0,12,1.0,0.0,1.0,0.0
L13H15,13,15,12,12,0,0,0,12,1.0,0.0,1.0,0.0
L14H0,14,0,12,12,0,0,0,12,1.0,0.0,1.0,0.0
L14H1,14,1,12,12,0,0,0,12,1.0,0.0,1.0,0.0
L14H2,14,2,12,12,0,0,0,12,1.0,0.0,1.0,0.0
L14H3,14,3,12,12,0,0,0,12,1.0,0.0,1.0,0.0
L14H4,14,4,12,12,0,0,0,12,1.0,0.0,1.0,0.0
L14H5,14,5,12,12,0,0,0,12,1.0,0.0,1.0,0.0
L14H6,14,6,12,12,0,0,0,12,1.0,0.0,1.0,0.0
L14H7,14,7,12,12,0,0,0,12,1.0,0.0,1.0,0.0
L14H8,14,8,12,12,0,0,0,12,1.0,0.0,1.0,0.0
L14H9,14,9,12,12,0,0,0,12,1.0,0.0,1.0,0.0
L14H10,14,10,12,12,0,0,0,12,1.0,0.0,1.0,0.0
L14H11,14,11,12,12,0,0,0,12,1.0,0.0,1.0,0.0
L14H12,14,12,12,11,1,0,0,12,0.916667,0.083333,1.0,-0.083333
L14H13,14,13,12,12,0,0,0,12,1.0,0.0,1.0,0.0
L14H14,14,14,12,12,0,0,0,12,1.0,0.0,1.0,0.0
L14H15,14,15,12,12,0,0,0,12,1.0,0.0,1.0,0.0
L15H0,15,0,12,12,0,0,0,12,1.0,0.0,1.0,0.0
L15H1,15,1,12,12,0,0,0,12,1.0,0.0,1.0,0.0
L15H2,15,2,12,11,1,0,0,12,0.916667,0.083333,1.0,-0.083333
L15H3,15,3,12,12,0,0,0,12,1.0,0.0,1.0,0.0
L15H4,15,4,12,12,0,0,0,12,1.0,0.0,1.0,0.0
L15H5,15,5,12,12,0,0,0,12,1.0,0.0,1.0,0.0
L15H6,15,6,12,12,0,0,0,12,1.0,0.0,1.0,0.0
L15H7,15,7,12,12,0,0,0,12,1.0,0.0,1.0,0.0
L15H8,15,8,12,12,0,0,0,12,1.0,0.0,1.0,0.0
L15H9,15,9,12,12,0,0,0,12,1.0,0.0,1.0,0.0
L15H10,15,10,12,12,0,0,0,12,1.0,0.0,1.0,0.0
L15H11,15,11,12,12,0,0,0,12,1.0,0.0,1.0,0.0
L15H12,15,12,12,12,0,0,0,12,1.0,0.0,1.0,0.0
L15H13,15,13,12,12,0,0,0,12,1.0,0.0,1.0,0.0
L15H14,15,14,12,12,0,0,0,12,1.0,0.0,1.0,0.0
L15H15,15,15,12,12,0,0,0,12,1.0,0.0,1.0,0.0
L16H0,16,0,12,12,0,0,0,12,1.0,0.0,1.0,0.0
L16H1,16,1,12,12,0,0,0,12,1.0,0.0,1.0,0.0
L16H2,16,2,12,12,0,0,0,12,1.0,0.0,1.0,0.0
L16H3,16,3,12,12,0,0,0,12,1.0,0.0,1.0,0.0
L16H4,16,4,12,12,0,0,0,12,1.0,0.0,1.0,0.0
L16H5,16,5,12,12,0,0,0,12,1.0,0.0,1.0,0.0
L16H6,16,6,12,12,0,0,0,12,1.0,0.0,1.0,0.0
L16H7,16,7,12,12,0,0,0,12,1.0,0.0,1.0,0.0
L16H8,16,8,12,12,0,0,0,12,1.0,0.0,1.0,0.0
L16H9,16,9,12,12,0,0,0,12,1.0,0.0,1.0,0.0
L16H10,16,10,12,12,0,0,0,12,1.0,0.0,1.0,0.0
L16H11,16,11,12,12,0,0,0,12,1.0,0.0,1.0,0.0
L16H12,16,12,12,12,0,0,0,12,1.0,0.0,1.0,0.0
L16H13,16,13,12,12,0,0,0,12,1.0,0.0,1.0,0.0
L16H14,16,14,12,12,0,0,0,12,1.0,0.0,1.0,0.0
L16H15,16,15,12,12,0,0,0,12,1.0,0.0,1.0,0.0
L17H0,17,0,12,12,0,0,0,12,1.0,0.0,1.0,0.0
L17H1,17,1,12,12,0,0,0,12,1.0,0.0,1.0,0.0
L17H2,17,2,12,12,0,0,0,12,1.0,0.0,1.0,0.0
L17H3,17,3,12,12,0,0,0,12,1.0,0.0,1.0,0.0
L17H4,17,4,12,12,0,0,0,12,1.0,0.0,1.0,0.0
L17H5,17,5,12,12,0,0,0,12,1.0,0.0,1.0,0.0
L17H6,17,6,12,12,0,0,0,12,1.0,0.0,1.0,0.0
L17H7,17,7,12,12,0,0,0,12,1.0,0.0,1.0,0.0
L17H8,17,8,12,12,0,0,0,12,1.0,0.0,1.0,0.0
L17H9,17,9,12,12,0,0,0,12,1.0,0.0,1.0,0.0
L17H10,17,10,12,12,0,0,0,12,1.0,0.0,1.0,0.0
L17H11,17,11,12,12,0,0,0,12,1.0,0.0,1.0,0.0
L17H12,17,12,12,12,0,0,0,12,1.0,0.0,1.0,0.0
L17H13,17,13,12,12,0,0,0,12,1.0,0.0,1.0,0.0
L17H14,17,14,12,12,0,0,0,12,1.0,0.0,1.0,0.0
L17H15,17,15,12,12,0,0,0,12,1.0,0.0,1.0,0.0
L18H0,18,0,12,12,0,0,0,12,1.0,0.0,1.0,0.0
L18H1,18,1,12,12,0,0,0,12,1.0,0.0,1.0,0.0
L18H2,18,2,12,12,0,0,0,12,1.0,0.0,1.0,0.0
L18H3,18,3,12,12,0,0,0,12,1.0,0.0,1.0,0.0
L18H4,18,4,12,12,0,0,0,12,1.0,0.0,1.0,0.0
L18H5,18,5,12,12,0,0,0,12,1.0,0.0,1.0,0.0
L18H6,18,6,12,12,0,0,0,12,1.0,0.0,1.0,0.0
L18H7,18,7,12,12,0,0,0,12,1.0,0.0,1.0,0.0
L18H8,18,8,12,12,0,0,0,12,1.0,0.0,1.0,0.0
L18H9,18,9,12,12,0,0,0,12,1.0,0.0,1.0,0.0
L18H10,18,10,12,12,0,0,0,12,1.0,0.0,1.0,0.0
L18H11,18,11,12,12,0,0,0,12,1.0,0.0,1.0,0.0
L18H12,18,12,12,12,0,0,0,12,1.0,0.0,1.0,0.0
L18H13,18,13,12,12,0,0,0,12,1.0,0.0,1.0,0.0
L18H14,18,14,12,12,0,0,0,12,1.0,0.0,1.0,0.0
L18H15,18,15,12,12,0,0,0,12,1.0,0.0,1.0,0.0
L19H0,19,0,12,12,0,0,0,12,1.0,0.0,1.0,0.0
L19H1,19,1,12,12,0,0,0,12,1.0,0.0,1.0,0.0
L19H2,19,2,12,12,0,0,0,12,1.0,0.0,1.0,0.0
L19H3,19,3,12,12,0,0,0,12,1.0,0.0,1.0,0.0
L19H4,19,4,12,12,0,0,0,12,1.0,0.0,1.0,0.0
L19H5,19,5,12,12,0,0,0,12,1.0,0.0,1.0,0.0
L19H6,19,6,12,12,0,0,0,12,1.0,0.0,1.0,0.0
L19H7,19,7,12,12,0,0,0,12,1.0,0.0,1.0,0.0
L19H8,19,8,12,12,0,0,0,12,1.0,0.0,1.0,0.0
L19H9,19,9,12,12,0,0,0,12,1.0,0.0,1.0,0.0
L19H10,19,10,12,12,0,0,0,12,1.0,0.0,1.0,0.0
L19H11,19,11,12,12,0,0,0,12,1.0,0.0,1.0,0.0
L19H12,19,12,12,12,0,0,0,12,1.0,0.0,1.0,0.0
L19H13,19,13,12,12,0,0,0,12,1.0,0.0,1.0,0.0
L19H14,19,14,12,12,0,0,0,12,1.0,0.0,1.0,0.0
L19H15,19,15,12,12,0,0,0,12,1.0,0.0,1.0,0.0
L20H0,20,0,12,12,0,0,0,12,1.0,0.0,1.0,0.0
L20H1,20,1,12,12,0,0,0,12,1.0,0.0,1.0,0.0
L20H2,20,2,12,12,0,0,0,12,1.0,0.0,1.0,0.0
L20H3,20,3,12,12,0,0,0,12,1.0,0.0,1.0,0.0
L20H4,20,4,12,12,0,0,0,12,1.0,0.0,1.0,0.0
L20H5,20,5,12,12,0,0,0,12,1.0,0.0,1.0,0.0
L20H6,20,6,12,12,0,0,0,12,1.0,0.0,1.0,0.0
L20H7,20,7,12,12,0,0,0,12,1.0,0.0,1.0,0.0
L20H8,20,8,12,12,0,0,0,12,1.0,0.0,1.0,0.0
L20H9,20,9,12,12,0,0,0,12,1.0,0.0,1.0,0.0
L20H10,20,10,12,12,0,0,0,12,1.0,0.0,1.0,0.0
L20H11,20,11,12,12,0,0,0,12,1.0,0.0,1.0,0.0
L20H12,20,12,12,12,0,0,0,12,1.0,0.0,1.0,0.0
L20H13,20,13,12,12,0,0,0,12,1.0,0.0,1.0,0.0
L20H14,20,14,12,12,0,0,0,12,1.0,0.0,1.0,0.0
L20H15,20,15,12,12,0,0,0,12,1.0,0.0,1.0,0.0
L21H0,21,0,12,12,0,0,0,12,1.0,0.0,1.0,0.0
L21H1,21,1,12,12,0,0,0,12,1.0,0.0,1.0,0.0
L21H2,21,2,12,12,0,0,0,12,1.0,0.0,1.0,0.0
L21H3,21,3,12,12,0,0,0,12,1.0,0.0,1.0,0.0
L21H4,21,4,12,12,0,0,0,12,1.0,0.0,1.0,0.0
L21H5,21,5,12,12,0,0,0,12,1.0,0.0,1.0,0.0
L21H6,21,6,12,12,0,0,0,12,1.0,0.0,1.0,0.0
L21H7,21,7,12,12,0,0,0,12,1.0,0.0,1.0,0.0
L21H8,21,8,12,12,0,0,0,12,1.0,0.0,1.0,0.0
L21H9,21,9,12,12,0,0,0,12,1.0,0.0,1.0,0.0
L21H10,21,10,12,12,0,0,0,12,1.0,0.0,1.0,0.0
L21H11,21,11,12,12,0,0,0,12,1.0,0.0,1.0,0.0
L21H12,21,12,12,12,0,0,0,12,1.0,0.0,1.0,0.0
L21H13,21,13,12,12,0,0,0,12,1.0,0.0,1.0,0.0
L21H14,21,14,12,12,0,0,0,12,1.0,0.0,1.0,0.0
L21H15,21,15,12,12,0,0,0,12,1.0,0.0,1.0,0.0
L22H0,22,0,12,12,0,0,0,12,1.0,0.0,1.0,0.0
L22H1,22,1,12,12,0,0,0,12,1.0,0.0,1.0,0.0
L22H2,22,2,12,12,0,0,0,12,1.0,0.0,1.0,0.0
L22H3,22,3,12,12,0,0,0,12,1.0,0.0,1.0,0.0
L22H4,22,4,12,12,0,0,0,12,1.0,0.0,1.0,0.0
L22H5,22,5,12,12,0,0,0,12,1.0,0.0,1.0,0.0
L22H6,22,6,12,12,0,0,0,12,1.0,0.0,1.0,0.0
L22H7,22,7,12,12,0,0,0,12,1.0,0.0,1.0,0.0
L22H8,22,8,12,12,0,0,0,12,1.0,0.0,1.0,0.0
L22H9,22,9,12,12,0,0,0,12,1.0,0.0,1.0,0.0
L22H10,22,10,12,12,0,0,0,12,1.0,0.0,1.0,0.0
L22H11,22,11,12,12,0,0,0,12,1.0,0.0,1.0,0.0
L22H12,22,12,12,12,0,0,0,12,1.0,0.0,1.0,0.0
L22H13,22,13,12,12,0,0,0,12,1.0,0.0,1.0,0.0
L22H14,22,14,12,12,0,0,0,12,1.0,0.0,1.0,0.0
L22H15,22,15,12,12,0,0,0,12,1.0,0.0,1.0,0.0
L23H0,23,0,12,12,0,0,0,12,1.0,0.0,1.0,0.0
L23H1,23,1,12,12,0,0,0,12,1.0,0.0,1.0,0.0
L23H2,23,2,12,12,0,0,0,12,1.0,0.0,1.0,0.0
L23H3,23,3,12,12,0,0,0,12,1.0,0.0,1.0,0.0
L23H4,23,4,12,12,0,0,0,12,1.0,0.0,1.0,0.0
L23H5,23,5,12,12,0,0,0,12,1.0,0.0,1.0,0.0
L23H6,23,6,12,12,0,0,0,12,1.0,0.0,1.0,0.0
L23H7,23,7,12,12,0,0,0,12,1.0,0.0,1.0,0.0
L23H8,23,8,12,12,0,0,0,12,1.0,0.0,1.0,0.0
L23H9,23,9,12,12,0,0,0,12,1.0,0.0,1.0,0.0
L23H10,23,10,12,12,0,0,0,12,1.0,0.0,1.0,0.0
L23H11,23,11,12,12,0,0,0,12,1.0,0.0,1.0,0.0
L23H12,23,12,12,12,0,0,0,12,1.0,0.0,1.0,0.0
L23H13,23,13,12,12,0,0,0,12,1.0,0.0,1.0,0.0
L23H14,23,14,12,12,0,0,0,12,1.0,0.0,1.0,0.0
L23H15,23,15,12,12,0,0,0,12,1.0,0.0,1.0,0.0
L24H0,24,0,12,12,0,0,0,12,1.0,0.0,1.0,0.0
L24H1,24,1,12,12,0,0,0,12,1.0,0.0,1.0,0.0
L24H2,24,2,12,12,0,0,0,12,1.0,0.0,1.0,0.0
L24H3,24,3,12,12,0,0,0,12,1.0,0.0,1.0,0.0
L24H4,24,4,12,12,0,0,0,12,1.0,0.0,1.0,0.0
L24H5,24,5,12,12,0,0,0,12,1.0,0.0,1.0,0.0
L24H6,24,6,12,12,0,0,0,12,1.0,0.0,1.0,0.0
L24H7,24,7,12,12,0,0,0,12,1.0,0.0,1.0,0.0
L24H8,24,8,12,12,0,0,0,12,1.0,0.0,1.0,0.0
L24H9,24,9,12,12,0,0,0,12,1.0,0.0,1.0,0.0
L24H10,24,10,12,12,0,0,0,12,1.0,0.0,1.0,0.0
L24H11,24,11,12,12,0,0,0,12,1.0,0.0,1.0,0.0
L24H12,24,12,12,12,0,0,0,12,1.0,0.0,1.0,0.0
L24H13,24,13,12,12,0,0,0,12,1.0,0.0,1.0,0.0
L24H14,24,14,12,12,0,0,0,12,1.0,0.0,1.0,0.0
L24H15,24,15,12,12,0,0,0,12,1.0,0.0,1.0,0.0
L25H0,25,0,12,12,0,0,0,12,1.0,0.0,1.0,0.0
L25H1,25,1,12,12,0,0,0,12,1.0,0.0,1.0,0.0
L25H2,25,2,12,12,0,0,0,12,1.0,0.0,1.0,0.0
L25H3,25,3,12,12,0,0,0,12,1.0,0.0,1.0,0.0
L25H4,25,4,12,12,0,0,0,12,1.0,0.0,1.0,0.0
L25H5,25,5,12,12,0,0,0,12,1.0,0.0,1.0,0.0
L25H6,25,6,12,12,0,0,0,12,1.0,0.0,1.0,0.0
L25H7,25,7,12,12,0,0,0,12,1.0,0.0,1.0,0.0
L25H8,25,8,12,12,0,0,0,12,1.0,0.0,1.0,0.0
L25H9,25,9,12,11,1,0,0,12,0.916667,0.083333,1.0,-0.083333
L25H10,25,10,12,12,0,0,0,12,1.0,0.0,1.0,0.0
L25H11,25,11,12,12,0,0,0,12,1.0,0.0,1.0,0.0
L25H12,25,12,12,12,0,0,0,12,1.0,0.0,1.0,0.0
L25H13,25,13,12,12,0,0,0,12,1.0,0.0,1.0,0.0
L25H14,25,14,12,12,0,0,0,12,1.0,0.0,1.0,0.0
L25H15,25,15,12,12,0,0,0,12,1.0,0.0,1.0,0.0
L26H0,26,0,12,12,0,0,0,12,1.0,0.0,1.0,0.0
L26H1,26,1,12,12,0,0,0,12,1.0,0.0,1.0,0.0
L26H2,26,2,12,12,0,0,0,12,1.0,0.0,1.0,0.0
L26H3,26,3,12,12,0,0,0,12,1.0,0.0,1.0,0.0
L26H4,26,4,12,12,0,0,0,12,1.0,0.0,1.0,0.0
L26H5,26,5,12,12,0,0,0,12,1.0,0.0,1.0,0.0
L26H6,26,6,12,12,0,0,0,12,1.0,0.0,1.0,0.0
L26H7,26,7,12,12,0,0,0,12,1.0,0.0,1.0,0.0
L26H8,26,8,12,12,0,0,0,12,1.0,0.0,1.0,0.0
L26H9,26,9,12,12,0,0,0,12,1.0,0.0,1.0,0.0
L26H10,26,10,12,12,0,0,0,12,1.0,0.0,1.0,0.0
L26H11,26,11,12,12,0,0,0,12,1.0,0.0,1.0,0.0
L26H12,26,12,12,12,0,0,0,12,1.0,0.0,1.0,0.0
L26H13,26,13,12,12,0,0,0,12,1.0,0.0,1.0,0.0
L26H14,26,14,12,12,0,0,0,12,1.0,0.0,1.0,0.0
L26H15,26,15,12,12,0,0,0,12,1.0,0.0,1.0,0.0
L27H0,27,0,12,12,0,0,0,12,1.0,0.0,1.0,0.0
L27H1,27,1,12,12,0,0,0,12,1.0,0.0,1.0,0.0
L27H2,27,2,12,12,0,0,0,12,1.0,0.0,1.0,0.0
L27H3,27,3,12,12,0,0,0,12,1.0,0.0,1.0,0.0
L27H4,27,4,12,12,0,0,0,12,1.0,0.0,1.0,0.0
L27H5,27,5,12,12,0,0,0,12,1.0,0.0,1.0,0.0
L27H6,27,6,12,12,0,0,0,12,1.0,0.0,1.0,0.0
L27H7,27,7,12,12,0,0,0,12,1.0,0.0,1.0,0.0
L27H8,27,8,12,12,0,0,0,12,1.0,0.0,1.0,0.0
L27H9,27,9,12,12,0,0,0,12,1.0,0.0,1.0,0.0
L27H10,27,10,12,12,0,0,0,12,1.0,0.0,1.0,0.0
L27H11,27,11,12,12,0,0,0,12,1.0,0.0,1.0,0.0
L27H12,27,12,12,12,0,0,0,12,1.0,0.0,1.0,0.0
L27H13,27,13,12,12,0,0,0,12,1.0,0.0,1.0,0.0
L27H14,27,14,12,12,0,0,0,12,1.0,0.0,1.0,0.0
L27H15,27,15,12,12,0,0,0,12,1.0,0.0,1.0,0.0
